site;src;index;date;temp;;;;;;;
Knysna;SAWS;Knysna/ SAWS;January;22,919;20,35828889;2,102298336;;;Knysna;;
Knysna;SAWS;Knysna/ SAWS;January;16,48;;;;Jan;20,36;;
Knysna;SAWS;Knysna/ SAWS;January;19,67;;;;Feb;19,81;;
Knysna;SAWS;Knysna/ SAWS;January;20,97;;;;Mar;18,78;;
Knysna;SAWS;Knysna/ SAWS;January;19,55;;;;Apr;17,17;;
Knysna;SAWS;Knysna/ SAWS;January;22,05;;;;May;16,25;;
Knysna;SAWS;Knysna/ SAWS;January;21,07;;;;Jun;15,21;;
Knysna;SAWS;Knysna/ SAWS;January;19,23;;;;Jul;14,60;;
Knysna;SAWS;Knysna/ SAWS;January;20,86;;;;Aug;14,90;;
Knysna;SAWS;Knysna/ SAWS;January;20,79;;;;Sep;15,84;;
Knysna;SAWS;Knysna/ SAWS;January;22,13;;;;Oct;17,06;;
Knysna;SAWS;Knysna/ SAWS;January;22,90;;;;Nov;18,30;;
Knysna;SAWS;Knysna/ SAWS;January;18,53;;;;Dec;19,67;;
Knysna;SAWS;Knysna/ SAWS;January;21,14;;;;;;;
Knysna;SAWS;Knysna/ SAWS;January;20,27;;;;;Muizenberg;;
Knysna;SAWS;Knysna/ SAWS;January;20,45;;;;Jan;19,57;;
Knysna;SAWS;Knysna/ SAWS;January;21,72;;;;Feb;19,02;;
Knysna;SAWS;Knysna/ SAWS;January;17,43;;;;Mar;17,79;;
Knysna;SAWS;Knysna/ SAWS;January;21,42;;;;Apr;15,94;;
Knysna;SAWS;Knysna/ SAWS;January;20,46;;;;May;14,20;;
Knysna;SAWS;Knysna/ SAWS;January;21,73;;;;Jun;12,77;;
Knysna;SAWS;Knysna/ SAWS;January;21,81;;;;Jul;12,35;;
Knysna;SAWS;Knysna/ SAWS;January;17,67;;;;Aug;12,81;;
Knysna;SAWS;Knysna/ SAWS;January;19,37;;;;Sep;14,06;;
Knysna;SAWS;Knysna/ SAWS;January;19,66;;;;Oct;15,77;;
Knysna;SAWS;Knysna/ SAWS;January;21,32;;;;Nov;17,57;;
Knysna;SAWS;Knysna/ SAWS;January;18,67;;;;Dec;19,06;;
Knysna;SAWS;Knysna/ SAWS;January;20,03;;;;;;;
Knysna;SAWS;Knysna/ SAWS;January;14,94;;;;;Port nolloth;;
Knysna;SAWS;Knysna/ SAWS;January;21,48;;;;Jan;12,98;;
Knysna;SAWS;Knysna/ SAWS;January;22,61;;;;Feb;13,33;;
Knysna;SAWS;Knysna/ SAWS;January;22,87;;;;Mar;13,03;;
Knysna;SAWS;Knysna/ SAWS;January;23,36;;;;Apr;12,83;;
Knysna;SAWS;Knysna/ SAWS;January;21,40;;;;May;12,57;;
Knysna;SAWS;Knysna/ SAWS;January;17,84;;;;Jun;12,27;;
Knysna;SAWS;Knysna/ SAWS;January;22,31;;;;Jul;11,88;;
Knysna;SAWS;Knysna/ SAWS;January;15,92;;;;Aug;11,78;;
Knysna;SAWS;Knysna/ SAWS;January;15,95;;;;Sep;11,71;;
Knysna;SAWS;Knysna/ SAWS;January;21,02;;;;Oct;11,96;;
Knysna;SAWS;Knysna/ SAWS;January;17,70;;;;Nov;12,35;;
Knysna;SAWS;Knysna/ SAWS;January;22,63;;;;Dec;12,84;;
Knysna;SAWS;Knysna/ SAWS;January;21,98;;;;;;;
Knysna;SAWS;Knysna/ SAWS;January;22,92;;;;;;;
Knysna;SAWS;Knysna/ SAWS;January;22,14;;;;;;;
Knysna;SAWS;Knysna/ SAWS;January;18,77;;;;;;;
Knysna;SAWS;Knysna/ SAWS;February;21,02;19,814;;;;;;
Knysna;SAWS;Knysna/ SAWS;February;15,54;;;;;;;
Knysna;SAWS;Knysna/ SAWS;February;19,59;;;;;;;
Knysna;SAWS;Knysna/ SAWS;February;17,41;;;;;;;
Knysna;SAWS;Knysna/ SAWS;February;18,93;;;;;;;
Knysna;SAWS;Knysna/ SAWS;February;20,42;;;;;;;
Knysna;SAWS;Knysna/ SAWS;February;21,45;;;;;;;
Knysna;SAWS;Knysna/ SAWS;February;20,70;;;;;;;
Knysna;SAWS;Knysna/ SAWS;February;20,02;;;;;;;
Knysna;SAWS;Knysna/ SAWS;February;19,45;;;;;;;
Knysna;SAWS;Knysna/ SAWS;February;21,50;;;;;;;
Knysna;SAWS;Knysna/ SAWS;February;22,10;;;;;;;
Knysna;SAWS;Knysna/ SAWS;February;19,86;;;;;;;
Knysna;SAWS;Knysna/ SAWS;February;19,27;;;;;;;
Knysna;SAWS;Knysna/ SAWS;February;20,05;;;;;;;
Knysna;SAWS;Knysna/ SAWS;February;22,18;;;;;;;
Knysna;SAWS;Knysna/ SAWS;February;17,67;;;;;;;
Knysna;SAWS;Knysna/ SAWS;February;14,07;;;;;;;
Knysna;SAWS;Knysna/ SAWS;February;19,09;;;;;;;
Knysna;SAWS;Knysna/ SAWS;February;19,81;;;;;;;
Knysna;SAWS;Knysna/ SAWS;February;21,45;;;;;;;
Knysna;SAWS;Knysna/ SAWS;February;22,26;;;;;;;
Knysna;SAWS;Knysna/ SAWS;February;16,64;;;;;;;
Knysna;SAWS;Knysna/ SAWS;February;20,50;;;;;;;
Knysna;SAWS;Knysna/ SAWS;February;19,00;;;;;;;
Knysna;SAWS;Knysna/ SAWS;February;21,60;;;;;;;
Knysna;SAWS;Knysna/ SAWS;February;17,34;;;;;;;
Knysna;SAWS;Knysna/ SAWS;February;16,93;;;;;;;
Knysna;SAWS;Knysna/ SAWS;February;18,18;;;;;;;
Knysna;SAWS;Knysna/ SAWS;February;19,98;;;;;;;
Knysna;SAWS;Knysna/ SAWS;February;19,71;;;;;;;
Knysna;SAWS;Knysna/ SAWS;February;24,73;;;;;;;
Knysna;SAWS;Knysna/ SAWS;February;24,05;;;;;;;
Knysna;SAWS;Knysna/ SAWS;February;21,38;;;;;;;
Knysna;SAWS;Knysna/ SAWS;February;20,84;;;;;;;
Knysna;SAWS;Knysna/ SAWS;February;21,64;;;;;;;
Knysna;SAWS;Knysna/ SAWS;February;15,95;;;;;;;
Knysna;SAWS;Knysna/ SAWS;February;16,40;;;;;;;
Knysna;SAWS;Knysna/ SAWS;February;20,74;;;;;;;
Knysna;SAWS;Knysna/ SAWS;February;18,43;;;;;;;
Knysna;SAWS;Knysna/ SAWS;February;20,98;;;;;;;
Knysna;SAWS;Knysna/ SAWS;February;21,70;;;;;;;
Knysna;SAWS;Knysna/ SAWS;February;21,84;;;;;;;
Knysna;SAWS;Knysna/ SAWS;February;20,39;;;;;;;
Knysna;SAWS;Knysna/ SAWS;February;18,89;;;;;;;
Knysna;SAWS;Knysna/ SAWS;March;17,82;18,78052381;;;;;;
Knysna;SAWS;Knysna/ SAWS;March;18,48;;;;;;;
Knysna;SAWS;Knysna/ SAWS;March;15,48;;;;;;;
Knysna;SAWS;Knysna/ SAWS;March;18,40;;;;;;;
Knysna;SAWS;Knysna/ SAWS;March;19,98;;;;;;;
Knysna;SAWS;Knysna/ SAWS;March;19,30;;;;;;;
Knysna;SAWS;Knysna/ SAWS;March;20,77;;;;;;;
Knysna;SAWS;Knysna/ SAWS;March;19,54;;;;;;;
Knysna;SAWS;Knysna/ SAWS;March;19,16;;;;;;;
Knysna;SAWS;Knysna/ SAWS;March;19,58;;;;;;;
Knysna;SAWS;Knysna/ SAWS;March;19,32;;;;;;;
Knysna;SAWS;Knysna/ SAWS;March;21,42;;;;;;;
Knysna;SAWS;Knysna/ SAWS;March;16,60;;;;;;;
Knysna;SAWS;Knysna/ SAWS;March;20,16;;;;;;;
Knysna;SAWS;Knysna/ SAWS;March;18,40;;;;;;;
Knysna;SAWS;Knysna/ SAWS;March;20,02;;;;;;;
Knysna;SAWS;Knysna/ SAWS;March;15,27;;;;;;;
Knysna;SAWS;Knysna/ SAWS;March;17,71;;;;;;;
Knysna;SAWS;Knysna/ SAWS;March;14,79;;;;;;;
Knysna;SAWS;Knysna/ SAWS;March;18,90;;;;;;;
Knysna;SAWS;Knysna/ SAWS;March;20,16;;;;;;;
Knysna;SAWS;Knysna/ SAWS;March;20,81;;;;;;;
Knysna;SAWS;Knysna/ SAWS;March;15,27;;;;;;;
Knysna;SAWS;Knysna/ SAWS;March;15,78;;;;;;;
Knysna;SAWS;Knysna/ SAWS;March;16,29;;;;;;;
Knysna;SAWS;Knysna/ SAWS;March;18,79;;;;;;;
Knysna;SAWS;Knysna/ SAWS;March;19,53;;;;;;;
Knysna;SAWS;Knysna/ SAWS;March;17,77;;;;;;;
Knysna;SAWS;Knysna/ SAWS;March;NA;;;;;;;
Knysna;SAWS;Knysna/ SAWS;March;18,61;;;;;;;
Knysna;SAWS;Knysna/ SAWS;March;19,97;;;;;;;
Knysna;SAWS;Knysna/ SAWS;March;22,24;;;;;;;
Knysna;SAWS;Knysna/ SAWS;March;21,42;;;;;;;
Knysna;SAWS;Knysna/ SAWS;March;20,87;;;;;;;
Knysna;SAWS;Knysna/ SAWS;March;20,60;;;;;;;
Knysna;SAWS;Knysna/ SAWS;March;NA;;;;;;;
Knysna;SAWS;Knysna/ SAWS;March;15,75;;;;;;;
Knysna;SAWS;Knysna/ SAWS;March;NA;;;;;;;
Knysna;SAWS;Knysna/ SAWS;March;17,16;;;;;;;
Knysna;SAWS;Knysna/ SAWS;March;19,60;;;;;;;
Knysna;SAWS;Knysna/ SAWS;March;21,16;;;;;;;
Knysna;SAWS;Knysna/ SAWS;March;20,16;;;;;;;
Knysna;SAWS;Knysna/ SAWS;March;19,20;;;;;;;
Knysna;SAWS;Knysna/ SAWS;March;16,84;;;;;;;
Knysna;SAWS;Knysna/ SAWS;March;19,66;;;;;;;
Knysna;SAWS;Knysna/ SAWS;April;18,65;17,16684091;;;;;;
Knysna;SAWS;Knysna/ SAWS;April;13,69;;;;;;;
Knysna;SAWS;Knysna/ SAWS;April;14,28;;;;;;;
Knysna;SAWS;Knysna/ SAWS;April;18,10;;;;;;;
Knysna;SAWS;Knysna/ SAWS;April;18,66;;;;;;;
Knysna;SAWS;Knysna/ SAWS;April;19,32;;;;;;;
Knysna;SAWS;Knysna/ SAWS;April;15,96;;;;;;;
Knysna;SAWS;Knysna/ SAWS;April;19,17;;;;;;;
Knysna;SAWS;Knysna/ SAWS;April;18,73;;;;;;;
Knysna;SAWS;Knysna/ SAWS;April;19,39;;;;;;;
Knysna;SAWS;Knysna/ SAWS;April;16,63;;;;;;;
Knysna;SAWS;Knysna/ SAWS;April;18,65;;;;;;;
Knysna;SAWS;Knysna/ SAWS;April;15,79;;;;;;;
Knysna;SAWS;Knysna/ SAWS;April;19,12;;;;;;;
Knysna;SAWS;Knysna/ SAWS;April;18,72;;;;;;;
Knysna;SAWS;Knysna/ SAWS;April;18,78;;;;;;;
Knysna;SAWS;Knysna/ SAWS;April;16,05;;;;;;;
Knysna;SAWS;Knysna/ SAWS;April;16,60;;;;;;;
Knysna;SAWS;Knysna/ SAWS;April;14,88;;;;;;;
Knysna;SAWS;Knysna/ SAWS;April;17,25;;;;;;;
Knysna;SAWS;Knysna/ SAWS;April;18,14;;;;;;;
Knysna;SAWS;Knysna/ SAWS;April;15,43;;;;;;;
Knysna;SAWS;Knysna/ SAWS;April;16,77;;;;;;;
Knysna;SAWS;Knysna/ SAWS;April;13,78;;;;;;;
Knysna;SAWS;Knysna/ SAWS;April;14,67;;;;;;;
Knysna;SAWS;Knysna/ SAWS;April;17,48;;;;;;;
Knysna;SAWS;Knysna/ SAWS;April;18,00;;;;;;;
Knysna;SAWS;Knysna/ SAWS;April;13,30;;;;;;;
Knysna;SAWS;Knysna/ SAWS;April;16,41;;;;;;;
Knysna;SAWS;Knysna/ SAWS;April;16,45;;;;;;;
Knysna;SAWS;Knysna/ SAWS;April;18,13;;;;;;;
Knysna;SAWS;Knysna/ SAWS;April;18,07;;;;;;;
Knysna;SAWS;Knysna/ SAWS;April;18,05;;;;;;;
Knysna;SAWS;Knysna/ SAWS;April;18,82;;;;;;;
Knysna;SAWS;Knysna/ SAWS;April;20,27;;;;;;;
Knysna;SAWS;Knysna/ SAWS;April;15,69;;;;;;;
Knysna;SAWS;Knysna/ SAWS;April;14,77;;;;;;;
Knysna;SAWS;Knysna/ SAWS;April;NA;;;;;;;
Knysna;SAWS;Knysna/ SAWS;April;18,59;;;;;;;
Knysna;SAWS;Knysna/ SAWS;April;18,13;;;;;;;
Knysna;SAWS;Knysna/ SAWS;April;19,60;;;;;;;
Knysna;SAWS;Knysna/ SAWS;April;16,23;;;;;;;
Knysna;SAWS;Knysna/ SAWS;April;17,40;;;;;;;
Knysna;SAWS;Knysna/ SAWS;April;13,62;;;;;;;
Knysna;SAWS;Knysna/ SAWS;April;19,13;;;;;;;
Knysna;SAWS;Knysna/ SAWS;May;16,53;16,24547368;;;;;;
Knysna;SAWS;Knysna/ SAWS;May;14,83;;;;;;;
Knysna;SAWS;Knysna/ SAWS;May;14,60;;;;;;;
Knysna;SAWS;Knysna/ SAWS;May;16,50;;;;;;;
Knysna;SAWS;Knysna/ SAWS;May;16,98;;;;;;;
Knysna;SAWS;Knysna/ SAWS;May;16,34;;;;;;;
Knysna;SAWS;Knysna/ SAWS;May;15,19;;;;;;;
Knysna;SAWS;Knysna/ SAWS;May;16,77;;;;;;;
Knysna;SAWS;Knysna/ SAWS;May;17,81;;;;;;;
Knysna;SAWS;Knysna/ SAWS;May;16,36;;;;;;;
Knysna;SAWS;Knysna/ SAWS;May;16,15;;;;;;;
Knysna;SAWS;Knysna/ SAWS;May;16,52;;;;;;;
Knysna;SAWS;Knysna/ SAWS;May;16,26;;;;;;;
Knysna;SAWS;Knysna/ SAWS;May;16,74;;;;;;;
Knysna;SAWS;Knysna/ SAWS;May;17,16;;;;;;;
Knysna;SAWS;Knysna/ SAWS;May;17,39;;;;;;;
Knysna;SAWS;Knysna/ SAWS;May;16,68;;;;;;;
Knysna;SAWS;Knysna/ SAWS;May;15,18;;;;;;;
Knysna;SAWS;Knysna/ SAWS;May;16,48;;;;;;;
Knysna;SAWS;Knysna/ SAWS;May;16,68;;;;;;;
Knysna;SAWS;Knysna/ SAWS;May;16,24;;;;;;;
Knysna;SAWS;Knysna/ SAWS;May;16,60;;;;;;;
Knysna;SAWS;Knysna/ SAWS;May;16,18;;;;;;;
Knysna;SAWS;Knysna/ SAWS;May;14,73;;;;;;;
Knysna;SAWS;Knysna/ SAWS;May;15,41;;;;;;;
Knysna;SAWS;Knysna/ SAWS;May;16,61;;;;;;;
Knysna;SAWS;Knysna/ SAWS;May;NA;;;;;;;
Knysna;SAWS;Knysna/ SAWS;May;18,16;;;;;;;
Knysna;SAWS;Knysna/ SAWS;May;13,80;;;;;;;
Knysna;SAWS;Knysna/ SAWS;May;15,97;;;;;;;
Knysna;SAWS;Knysna/ SAWS;May;16,47;;;;;;;
Knysna;SAWS;Knysna/ SAWS;May;17,00;;;;;;;
Knysna;SAWS;Knysna/ SAWS;May;16,68;;;;;;;
Knysna;SAWS;Knysna/ SAWS;May;16,18;;;;;;;
Knysna;SAWS;Knysna/ SAWS;May;16,08;;;;;;;
Knysna;SAWS;Knysna/ SAWS;May;16,16;;;;;;;
Knysna;SAWS;Knysna/ SAWS;May;NA;;;;;;;
Knysna;SAWS;Knysna/ SAWS;May;NA;;;;;;;
Knysna;SAWS;Knysna/ SAWS;May;15,67;;;;;;;
Knysna;SAWS;Knysna/ SAWS;May;NA;;;;;;;
Knysna;SAWS;Knysna/ SAWS;May;NA;;;;;;;
Knysna;SAWS;Knysna/ SAWS;May;17,25;;;;;;;
Knysna;SAWS;Knysna/ SAWS;May;NA;;;;;;;
Knysna;SAWS;Knysna/ SAWS;May;NA;;;;;;;
Knysna;SAWS;Knysna/ SAWS;May;15,00;;;;;;;
Knysna;SAWS;Knysna/ SAWS;June;15,83;15,20818182;;;;;;
Knysna;SAWS;Knysna/ SAWS;June;15,80;;;;;;;
Knysna;SAWS;Knysna/ SAWS;June;13,47;;;;;;;
Knysna;SAWS;Knysna/ SAWS;June;16,12;;;;;;;
Knysna;SAWS;Knysna/ SAWS;June;14,07;;;;;;;
Knysna;SAWS;Knysna/ SAWS;June;16,40;;;;;;;
Knysna;SAWS;Knysna/ SAWS;June;15,66;;;;;;;
Knysna;SAWS;Knysna/ SAWS;June;14,47;;;;;;;
Knysna;SAWS;Knysna/ SAWS;June;16,10;;;;;;;
Knysna;SAWS;Knysna/ SAWS;June;14,62;;;;;;;
Knysna;SAWS;Knysna/ SAWS;June;16,66;;;;;;;
Knysna;SAWS;Knysna/ SAWS;June;15,12;;;;;;;
Knysna;SAWS;Knysna/ SAWS;June;15,57;;;;;;;
Knysna;SAWS;Knysna/ SAWS;June;15,68;;;;;;;
Knysna;SAWS;Knysna/ SAWS;June;16,37;;;;;;;
Knysna;SAWS;Knysna/ SAWS;June;15,07;;;;;;;
Knysna;SAWS;Knysna/ SAWS;June;15,33;;;;;;;
Knysna;SAWS;Knysna/ SAWS;June;14,52;;;;;;;
Knysna;SAWS;Knysna/ SAWS;June;15,35;;;;;;;
Knysna;SAWS;Knysna/ SAWS;June;14,13;;;;;;;
Knysna;SAWS;Knysna/ SAWS;June;16,35;;;;;;;
Knysna;SAWS;Knysna/ SAWS;June;15,65;;;;;;;
Knysna;SAWS;Knysna/ SAWS;June;14,63;;;;;;;
Knysna;SAWS;Knysna/ SAWS;June;13,73;;;;;;;
Knysna;SAWS;Knysna/ SAWS;June;14,18;;;;;;;
Knysna;SAWS;Knysna/ SAWS;June;14,83;;;;;;;
Knysna;SAWS;Knysna/ SAWS;June;14,79;;;;;;;
Knysna;SAWS;Knysna/ SAWS;June;18,00;;;;;;;
Knysna;SAWS;Knysna/ SAWS;June;13,28;;;;;;;
Knysna;SAWS;Knysna/ SAWS;June;15,80;;;;;;;
Knysna;SAWS;Knysna/ SAWS;June;14,55;;;;;;;
Knysna;SAWS;Knysna/ SAWS;June;14,67;;;;;;;
Knysna;SAWS;Knysna/ SAWS;June;14,92;;;;;;;
Knysna;SAWS;Knysna/ SAWS;June;15,64;;;;;;;
Knysna;SAWS;Knysna/ SAWS;June;15,22;;;;;;;
Knysna;SAWS;Knysna/ SAWS;June;16,04;;;;;;;
Knysna;SAWS;Knysna/ SAWS;June;14,42;;;;;;;
Knysna;SAWS;Knysna/ SAWS;June;15,08;;;;;;;
Knysna;SAWS;Knysna/ SAWS;June;15,93;;;;;;;
Knysna;SAWS;Knysna/ SAWS;June;NA;;;;;;;
Knysna;SAWS;Knysna/ SAWS;June;15,37;;;;;;;
Knysna;SAWS;Knysna/ SAWS;June;14,61;;;;;;;
Knysna;SAWS;Knysna/ SAWS;June;14,20;;;;;;;
Knysna;SAWS;Knysna/ SAWS;June;14,92;;;;;;;
Knysna;SAWS;Knysna/ SAWS;June;16,05;;;;;;;
Knysna;SAWS;Knysna/ SAWS;July;14,53;14,6022381;;;;;;
Knysna;SAWS;Knysna/ SAWS;July;14,69;;;;;;;
Knysna;SAWS;Knysna/ SAWS;July;14,44;;;;;;;
Knysna;SAWS;Knysna/ SAWS;July;14,90;;;;;;;
Knysna;SAWS;Knysna/ SAWS;July;14,11;;;;;;;
Knysna;SAWS;Knysna/ SAWS;July;15,33;;;;;;;
Knysna;SAWS;Knysna/ SAWS;July;13,81;;;;;;;
Knysna;SAWS;Knysna/ SAWS;July;13,71;;;;;;;
Knysna;SAWS;Knysna/ SAWS;July;15,34;;;;;;;
Knysna;SAWS;Knysna/ SAWS;July;14,89;;;;;;;
Knysna;SAWS;Knysna/ SAWS;July;14,25;;;;;;;
Knysna;SAWS;Knysna/ SAWS;July;14,19;;;;;;;
Knysna;SAWS;Knysna/ SAWS;July;15,47;;;;;;;
Knysna;SAWS;Knysna/ SAWS;July;14,54;;;;;;;
Knysna;SAWS;Knysna/ SAWS;July;14,92;;;;;;;
Knysna;SAWS;Knysna/ SAWS;July;15,23;;;;;;;
Knysna;SAWS;Knysna/ SAWS;July;15,23;;;;;;;
Knysna;SAWS;Knysna/ SAWS;July;13,30;;;;;;;
Knysna;SAWS;Knysna/ SAWS;July;15,37;;;;;;;
Knysna;SAWS;Knysna/ SAWS;July;14,05;;;;;;;
Knysna;SAWS;Knysna/ SAWS;July;15,61;;;;;;;
Knysna;SAWS;Knysna/ SAWS;July;15,36;;;;;;;
Knysna;SAWS;Knysna/ SAWS;July;15,10;;;;;;;
Knysna;SAWS;Knysna/ SAWS;July;13,29;;;;;;;
Knysna;SAWS;Knysna/ SAWS;July;13,48;;;;;;;
Knysna;SAWS;Knysna/ SAWS;July;14,36;;;;;;;
Knysna;SAWS;Knysna/ SAWS;July;NA;;;;;;;
Knysna;SAWS;Knysna/ SAWS;July;15,43;;;;;;;
Knysna;SAWS;Knysna/ SAWS;July;13,76;;;;;;;
Knysna;SAWS;Knysna/ SAWS;July;13,95;;;;;;;
Knysna;SAWS;Knysna/ SAWS;July;14,95;;;;;;;
Knysna;SAWS;Knysna/ SAWS;July;14,29;;;;;;;
Knysna;SAWS;Knysna/ SAWS;July;14,18;;;;;;;
Knysna;SAWS;Knysna/ SAWS;July;15,39;;;;;;;
Knysna;SAWS;Knysna/ SAWS;July;13,87;;;;;;;
Knysna;SAWS;Knysna/ SAWS;July;14,75;;;;;;;
Knysna;SAWS;Knysna/ SAWS;July;NA;;;;;;;
Knysna;SAWS;Knysna/ SAWS;July;14,18;;;;;;;
Knysna;SAWS;Knysna/ SAWS;July;15,60;;;;;;;
Knysna;SAWS;Knysna/ SAWS;July;15,46;;;;;;;
Knysna;SAWS;Knysna/ SAWS;July;14,98;;;;;;;
Knysna;SAWS;Knysna/ SAWS;July;15,16;;;;;;;
Knysna;SAWS;Knysna/ SAWS;July;12,89;;;;;;;
Knysna;SAWS;Knysna/ SAWS;July;14,98;;;;;;;
Knysna;SAWS;Knysna/ SAWS;August;14,38;14,89597674;;;;;;
Knysna;SAWS;Knysna/ SAWS;August;13,82;;;;;;;
Knysna;SAWS;Knysna/ SAWS;August;15,21;;;;;;;
Knysna;SAWS;Knysna/ SAWS;August;14,86;;;;;;;
Knysna;SAWS;Knysna/ SAWS;August;15,04;;;;;;;
Knysna;SAWS;Knysna/ SAWS;August;14,55;;;;;;;
Knysna;SAWS;Knysna/ SAWS;August;14,02;;;;;;;
Knysna;SAWS;Knysna/ SAWS;August;13,52;;;;;;;
Knysna;SAWS;Knysna/ SAWS;August;15,53;;;;;;;
Knysna;SAWS;Knysna/ SAWS;August;14,45;;;;;;;
Knysna;SAWS;Knysna/ SAWS;August;14,60;;;;;;;
Knysna;SAWS;Knysna/ SAWS;August;14,82;;;;;;;
Knysna;SAWS;Knysna/ SAWS;August;14,11;;;;;;;
Knysna;SAWS;Knysna/ SAWS;August;14,90;;;;;;;
Knysna;SAWS;Knysna/ SAWS;August;15,42;;;;;;;
Knysna;SAWS;Knysna/ SAWS;August;15,52;;;;;;;
Knysna;SAWS;Knysna/ SAWS;August;15,61;;;;;;;
Knysna;SAWS;Knysna/ SAWS;August;14,63;;;;;;;
Knysna;SAWS;Knysna/ SAWS;August;15,47;;;;;;;
Knysna;SAWS;Knysna/ SAWS;August;13,98;;;;;;;
Knysna;SAWS;Knysna/ SAWS;August;14,38;;;;;;;
Knysna;SAWS;Knysna/ SAWS;August;15,34;;;;;;;
Knysna;SAWS;Knysna/ SAWS;August;14,79;;;;;;;
Knysna;SAWS;Knysna/ SAWS;August;15,83;;;;;;;
Knysna;SAWS;Knysna/ SAWS;August;13,79;;;;;;;
Knysna;SAWS;Knysna/ SAWS;August;14,90;;;;;;;
Knysna;SAWS;Knysna/ SAWS;August;NA;;;;;;;
Knysna;SAWS;Knysna/ SAWS;August;15,97;;;;;;;
Knysna;SAWS;Knysna/ SAWS;August;15,42;;;;;;;
Knysna;SAWS;Knysna/ SAWS;August;15,29;;;;;;;
Knysna;SAWS;Knysna/ SAWS;August;15,87;;;;;;;
Knysna;SAWS;Knysna/ SAWS;August;14,40;;;;;;;
Knysna;SAWS;Knysna/ SAWS;August;15,63;;;;;;;
Knysna;SAWS;Knysna/ SAWS;August;16,53;;;;;;;
Knysna;SAWS;Knysna/ SAWS;August;14,52;;;;;;;
Knysna;SAWS;Knysna/ SAWS;August;14,88;;;;;;;
Knysna;SAWS;Knysna/ SAWS;August;14,29;;;;;;;
Knysna;SAWS;Knysna/ SAWS;August;14,67;;;;;;;
Knysna;SAWS;Knysna/ SAWS;August;15,34;;;;;;;
Knysna;SAWS;Knysna/ SAWS;August;13,60;;;;;;;
Knysna;SAWS;Knysna/ SAWS;August;15,00;;;;;;;
Knysna;SAWS;Knysna/ SAWS;August;15,10;;;;;;;
Knysna;SAWS;Knysna/ SAWS;August;15,06;;;;;;;
Knysna;SAWS;Knysna/ SAWS;August;15,50;;;;;;;
Knysna;SAWS;Knysna/ SAWS;September;14,79;15,83523256;;;;;;
Knysna;SAWS;Knysna/ SAWS;September;14,47;;;;;;;
Knysna;SAWS;Knysna/ SAWS;September;15,58;;;;;;;
Knysna;SAWS;Knysna/ SAWS;September;15,83;;;;;;;
Knysna;SAWS;Knysna/ SAWS;September;15,74;;;;;;;
Knysna;SAWS;Knysna/ SAWS;September;15,75;;;;;;;
Knysna;SAWS;Knysna/ SAWS;September;14,88;;;;;;;
Knysna;SAWS;Knysna/ SAWS;September;14,78;;;;;;;
Knysna;SAWS;Knysna/ SAWS;September;15,88;;;;;;;
Knysna;SAWS;Knysna/ SAWS;September;15,75;;;;;;;
Knysna;SAWS;Knysna/ SAWS;September;14,98;;;;;;;
Knysna;SAWS;Knysna/ SAWS;September;15,91;;;;;;;
Knysna;SAWS;Knysna/ SAWS;September;15,83;;;;;;;
Knysna;SAWS;Knysna/ SAWS;September;16,18;;;;;;;
Knysna;SAWS;Knysna/ SAWS;September;16,22;;;;;;;
Knysna;SAWS;Knysna/ SAWS;September;15,82;;;;;;;
Knysna;SAWS;Knysna/ SAWS;September;15,23;;;;;;;
Knysna;SAWS;Knysna/ SAWS;September;16,14;;;;;;;
Knysna;SAWS;Knysna/ SAWS;September;16,03;;;;;;;
Knysna;SAWS;Knysna/ SAWS;September;15,77;;;;;;;
Knysna;SAWS;Knysna/ SAWS;September;15,65;;;;;;;
Knysna;SAWS;Knysna/ SAWS;September;16,00;;;;;;;
Knysna;SAWS;Knysna/ SAWS;September;15,53;;;;;;;
Knysna;SAWS;Knysna/ SAWS;September;15,95;;;;;;;
Knysna;SAWS;Knysna/ SAWS;September;15,58;;;;;;;
Knysna;SAWS;Knysna/ SAWS;September;13,91;;;;;;;
Knysna;SAWS;Knysna/ SAWS;September;NA;;;;;;;
Knysna;SAWS;Knysna/ SAWS;September;17,36;;;;;;;
Knysna;SAWS;Knysna/ SAWS;September;16,40;;;;;;;
Knysna;SAWS;Knysna/ SAWS;September;16,83;;;;;;;
Knysna;SAWS;Knysna/ SAWS;September;16,80;;;;;;;
Knysna;SAWS;Knysna/ SAWS;September;15,60;;;;;;;
Knysna;SAWS;Knysna/ SAWS;September;16,72;;;;;;;
Knysna;SAWS;Knysna/ SAWS;September;17,02;;;;;;;
Knysna;SAWS;Knysna/ SAWS;September;15,70;;;;;;;
Knysna;SAWS;Knysna/ SAWS;September;15,60;;;;;;;
Knysna;SAWS;Knysna/ SAWS;September;14,96;;;;;;;
Knysna;SAWS;Knysna/ SAWS;September;15,35;;;;;;;
Knysna;SAWS;Knysna/ SAWS;September;16,33;;;;;;;
Knysna;SAWS;Knysna/ SAWS;September;15,73;;;;;;;
Knysna;SAWS;Knysna/ SAWS;September;17,13;;;;;;;
Knysna;SAWS;Knysna/ SAWS;September;16,18;;;;;;;
Knysna;SAWS;Knysna/ SAWS;September;17,25;;;;;;;
Knysna;SAWS;Knysna/ SAWS;September;15,77;;;;;;;
Knysna;SAWS;Knysna/ SAWS;October;16,66;17,05916667;;;;;;
Knysna;SAWS;Knysna/ SAWS;October;15,45;;;;;;;
Knysna;SAWS;Knysna/ SAWS;October;17,69;;;;;;;
Knysna;SAWS;Knysna/ SAWS;October;16,44;;;;;;;
Knysna;SAWS;Knysna/ SAWS;October;16,66;;;;;;;
Knysna;SAWS;Knysna/ SAWS;October;18,06;;;;;;;
Knysna;SAWS;Knysna/ SAWS;October;15,84;;;;;;;
Knysna;SAWS;Knysna/ SAWS;October;16,58;;;;;;;
Knysna;SAWS;Knysna/ SAWS;October;17,00;;;;;;;
Knysna;SAWS;Knysna/ SAWS;October;17,45;;;;;;;
Knysna;SAWS;Knysna/ SAWS;October;16,89;;;;;;;
Knysna;SAWS;Knysna/ SAWS;October;16,65;;;;;;;
Knysna;SAWS;Knysna/ SAWS;October;17,02;;;;;;;
Knysna;SAWS;Knysna/ SAWS;October;17,69;;;;;;;
Knysna;SAWS;Knysna/ SAWS;October;16,95;;;;;;;
Knysna;SAWS;Knysna/ SAWS;October;16,61;;;;;;;
Knysna;SAWS;Knysna/ SAWS;October;16,36;;;;;;;
Knysna;SAWS;Knysna/ SAWS;October;16,69;;;;;;;
Knysna;SAWS;Knysna/ SAWS;October;16,77;;;;;;;
Knysna;SAWS;Knysna/ SAWS;October;17,02;;;;;;;
Knysna;SAWS;Knysna/ SAWS;October;15,67;;;;;;;
Knysna;SAWS;Knysna/ SAWS;October;15,00;;;;;;;
Knysna;SAWS;Knysna/ SAWS;October;16,89;;;;;;;
Knysna;SAWS;Knysna/ SAWS;October;16,90;;;;;;;
Knysna;SAWS;Knysna/ SAWS;October;16,65;;;;;;;
Knysna;SAWS;Knysna/ SAWS;October;16,72;;;;;;;
Knysna;SAWS;Knysna/ SAWS;October;NA;;;;;;;
Knysna;SAWS;Knysna/ SAWS;October;16,48;;;;;;;
Knysna;SAWS;Knysna/ SAWS;October;18,23;;;;;;;
Knysna;SAWS;Knysna/ SAWS;October;18,89;;;;;;;
Knysna;SAWS;Knysna/ SAWS;October;16,73;;;;;;;
Knysna;SAWS;Knysna/ SAWS;October;17,40;;;;;;;
Knysna;SAWS;Knysna/ SAWS;October;18,02;;;;;;;
Knysna;SAWS;Knysna/ SAWS;October;17,08;;;;;;;
Knysna;SAWS;Knysna/ SAWS;October;17,10;;;;;;;
Knysna;SAWS;Knysna/ SAWS;October;NA;;;;;;;
Knysna;SAWS;Knysna/ SAWS;October;15,90;;;;;;;
Knysna;SAWS;Knysna/ SAWS;October;15,65;;;;;;;
Knysna;SAWS;Knysna/ SAWS;October;16,98;;;;;;;
Knysna;SAWS;Knysna/ SAWS;October;19,87;;;;;;;
Knysna;SAWS;Knysna/ SAWS;October;18,20;;;;;;;
Knysna;SAWS;Knysna/ SAWS;October;19,39;;;;;;;
Knysna;SAWS;Knysna/ SAWS;October;17,88;;;;;;;
Knysna;SAWS;Knysna/ SAWS;October;18,40;;;;;;;
Knysna;SAWS;Knysna/ SAWS;November;15,10;18,304;;;;;;
Knysna;SAWS;Knysna/ SAWS;November;16,75;;;;;;;
Knysna;SAWS;Knysna/ SAWS;November;18,97;;;;;;;
Knysna;SAWS;Knysna/ SAWS;November;18,45;;;;;;;
Knysna;SAWS;Knysna/ SAWS;November;17,77;;;;;;;
Knysna;SAWS;Knysna/ SAWS;November;19,00;;;;;;;
Knysna;SAWS;Knysna/ SAWS;November;18,83;;;;;;;
Knysna;SAWS;Knysna/ SAWS;November;17,63;;;;;;;
Knysna;SAWS;Knysna/ SAWS;November;18,02;;;;;;;
Knysna;SAWS;Knysna/ SAWS;November;19,07;;;;;;;
Knysna;SAWS;Knysna/ SAWS;November;18,90;;;;;;;
Knysna;SAWS;Knysna/ SAWS;November;19,37;;;;;;;
Knysna;SAWS;Knysna/ SAWS;November;16,83;;;;;;;
Knysna;SAWS;Knysna/ SAWS;November;17,37;;;;;;;
Knysna;SAWS;Knysna/ SAWS;November;17,98;;;;;;;
Knysna;SAWS;Knysna/ SAWS;November;16,95;;;;;;;
Knysna;SAWS;Knysna/ SAWS;November;15,55;;;;;;;
Knysna;SAWS;Knysna/ SAWS;November;18,02;;;;;;;
Knysna;SAWS;Knysna/ SAWS;November;17,60;;;;;;;
Knysna;SAWS;Knysna/ SAWS;November;18,88;;;;;;;
Knysna;SAWS;Knysna/ SAWS;November;18,02;;;;;;;
Knysna;SAWS;Knysna/ SAWS;November;16,94;;;;;;;
Knysna;SAWS;Knysna/ SAWS;November;20,00;;;;;;;
Knysna;SAWS;Knysna/ SAWS;November;18,31;;;;;;;
Knysna;SAWS;Knysna/ SAWS;November;16,33;;;;;;;
Knysna;SAWS;Knysna/ SAWS;November;18,04;;;;;;;
Knysna;SAWS;Knysna/ SAWS;November;NA;;;;;;;
Knysna;SAWS;Knysna/ SAWS;November;17,60;;;;;;;
Knysna;SAWS;Knysna/ SAWS;November;19,93;;;;;;;
Knysna;SAWS;Knysna/ SAWS;November;18,65;;;;;;;
Knysna;SAWS;Knysna/ SAWS;November;18,45;;;;;;;
Knysna;SAWS;Knysna/ SAWS;November;19,85;;;;;;;
Knysna;SAWS;Knysna/ SAWS;November;21,12;;;;;;;
Knysna;SAWS;Knysna/ SAWS;November;19,20;;;;;;;
Knysna;SAWS;Knysna/ SAWS;November;18,00;;;;;;;
Knysna;SAWS;Knysna/ SAWS;November;15,66;;;;;;;
Knysna;SAWS;Knysna/ SAWS;November;15,86;;;;;;;
Knysna;SAWS;Knysna/ SAWS;November;17,25;;;;;;;
Knysna;SAWS;Knysna/ SAWS;November;18,50;;;;;;;
Knysna;SAWS;Knysna/ SAWS;November;21,67;;;;;;;
Knysna;SAWS;Knysna/ SAWS;November;19,85;;;;;;;
Knysna;SAWS;Knysna/ SAWS;November;21,47;;;;;;;
Knysna;SAWS;Knysna/ SAWS;November;18,47;;;;;;;
Knysna;SAWS;Knysna/ SAWS;November;20,88;;;;;;;
Knysna;SAWS;Knysna/ SAWS;December;18,29;19,67129268;;;;;;
Knysna;SAWS;Knysna/ SAWS;December;18,02;;;;;;;
Knysna;SAWS;Knysna/ SAWS;December;20,37;;;;;;;
Knysna;SAWS;Knysna/ SAWS;December;18,40;;;;;;;
Knysna;SAWS;Knysna/ SAWS;December;19,84;;;;;;;
Knysna;SAWS;Knysna/ SAWS;December;20,28;;;;;;;
Knysna;SAWS;Knysna/ SAWS;December;20,68;;;;;;;
Knysna;SAWS;Knysna/ SAWS;December;20,67;;;;;;;
Knysna;SAWS;Knysna/ SAWS;December;20,46;;;;;;;
Knysna;SAWS;Knysna/ SAWS;December;19,22;;;;;;;
Knysna;SAWS;Knysna/ SAWS;December;20,63;;;;;;;
Knysna;SAWS;Knysna/ SAWS;December;21,60;;;;;;;
Knysna;SAWS;Knysna/ SAWS;December;18,90;;;;;;;
Knysna;SAWS;Knysna/ SAWS;December;17,80;;;;;;;
Knysna;SAWS;Knysna/ SAWS;December;19,05;;;;;;;
Knysna;SAWS;Knysna/ SAWS;December;19,76;;;;;;;
Knysna;SAWS;Knysna/ SAWS;December;17,80;;;;;;;
Knysna;SAWS;Knysna/ SAWS;December;20,42;;;;;;;
Knysna;SAWS;Knysna/ SAWS;December;19,33;;;;;;;
Knysna;SAWS;Knysna/ SAWS;December;20,88;;;;;;;
Knysna;SAWS;Knysna/ SAWS;December;20,06;;;;;;;
Knysna;SAWS;Knysna/ SAWS;December;19,08;;;;;;;
Knysna;SAWS;Knysna/ SAWS;December;18,84;;;;;;;
Knysna;SAWS;Knysna/ SAWS;December;16,89;;;;;;;
Knysna;SAWS;Knysna/ SAWS;December;19,63;;;;;;;
Knysna;SAWS;Knysna/ SAWS;December;17,40;;;;;;;
Knysna;SAWS;Knysna/ SAWS;December;NA;;;;;;;
Knysna;SAWS;Knysna/ SAWS;December;16,79;;;;;;;
Knysna;SAWS;Knysna/ SAWS;December;21,07;;;;;;;
Knysna;SAWS;Knysna/ SAWS;December;NA;;;;;;;
Knysna;SAWS;Knysna/ SAWS;December;21,82;;;;;;;
Knysna;SAWS;Knysna/ SAWS;December;21,52;;;;;;;
Knysna;SAWS;Knysna/ SAWS;December;23,52;;;;;;;
Knysna;SAWS;Knysna/ SAWS;December;21,21;;;;;;;
Knysna;SAWS;Knysna/ SAWS;December;20,14;;;;;;;
Knysna;SAWS;Knysna/ SAWS;December;16,20;;;;;;;
Knysna;SAWS;Knysna/ SAWS;December;NA;;;;;;;
Knysna;SAWS;Knysna/ SAWS;December;16,22;;;;;;;
Knysna;SAWS;Knysna/ SAWS;December;18,58;;;;;;;
Knysna;SAWS;Knysna/ SAWS;December;20,00;;;;;;;
Knysna;SAWS;Knysna/ SAWS;December;20,08;;;;;;;
Knysna;SAWS;Knysna/ SAWS;December;22,02;;;;;;;
Knysna;SAWS;Knysna/ SAWS;December;19,84;;;;;;;
Knysna;SAWS;Knysna/ SAWS;December;23,26;;;;;;;
Muizenberg;SAWS;Muizenberg/ SAWS;January;19,46;19,56651163;;;;;;
Muizenberg;SAWS;Muizenberg/ SAWS;January;20,21;;;;;;;
Muizenberg;SAWS;Muizenberg/ SAWS;January;18,42;;;;;;;
Muizenberg;SAWS;Muizenberg/ SAWS;January;19,31;;;;;;;
Muizenberg;SAWS;Muizenberg/ SAWS;January;18,77;;;;;;;
Muizenberg;SAWS;Muizenberg/ SAWS;January;18,94;;;;;;;
Muizenberg;SAWS;Muizenberg/ SAWS;January;19,77;;;;;;;
Muizenberg;SAWS;Muizenberg/ SAWS;January;22,13;;;;;;;
Muizenberg;SAWS;Muizenberg/ SAWS;January;19,92;;;;;;;
Muizenberg;SAWS;Muizenberg/ SAWS;January;20,39;;;;;;;
Muizenberg;SAWS;Muizenberg/ SAWS;January;20,57;;;;;;;
Muizenberg;SAWS;Muizenberg/ SAWS;January;20,19;;;;;;;
Muizenberg;SAWS;Muizenberg/ SAWS;January;19,18;;;;;;;
Muizenberg;SAWS;Muizenberg/ SAWS;January;20,08;;;;;;;
Muizenberg;SAWS;Muizenberg/ SAWS;January;20,19;;;;;;;
Muizenberg;SAWS;Muizenberg/ SAWS;January;18,21;;;;;;;
Muizenberg;SAWS;Muizenberg/ SAWS;January;19,40;;;;;;;
Muizenberg;SAWS;Muizenberg/ SAWS;January;19,86;;;;;;;
Muizenberg;SAWS;Muizenberg/ SAWS;January;19,34;;;;;;;
Muizenberg;SAWS;Muizenberg/ SAWS;January;18,57;;;;;;;
Muizenberg;SAWS;Muizenberg/ SAWS;January;17,45;;;;;;;
Muizenberg;SAWS;Muizenberg/ SAWS;January;19,15;;;;;;;
Muizenberg;SAWS;Muizenberg/ SAWS;January;18,60;;;;;;;
Muizenberg;SAWS;Muizenberg/ SAWS;January;19,36;;;;;;;
Muizenberg;SAWS;Muizenberg/ SAWS;January;18,90;;;;;;;
Muizenberg;SAWS;Muizenberg/ SAWS;January;20,10;;;;;;;
Muizenberg;SAWS;Muizenberg/ SAWS;January;22,60;;;;;;;
Muizenberg;SAWS;Muizenberg/ SAWS;January;19,00;;;;;;;
Muizenberg;SAWS;Muizenberg/ SAWS;January;19,33;;;;;;;
Muizenberg;SAWS;Muizenberg/ SAWS;January;20,19;;;;;;;
Muizenberg;SAWS;Muizenberg/ SAWS;January;19,29;;;;;;;
Muizenberg;SAWS;Muizenberg/ SAWS;January;19,65;;;;;;;
Muizenberg;SAWS;Muizenberg/ SAWS;January;19,65;;;;;;;
Muizenberg;SAWS;Muizenberg/ SAWS;January;20,37;;;;;;;
Muizenberg;SAWS;Muizenberg/ SAWS;January;18,86;;;;;;;
Muizenberg;SAWS;Muizenberg/ SAWS;January;19,26;;;;;;;
Muizenberg;SAWS;Muizenberg/ SAWS;January;18,53;;;;;;;
Muizenberg;SAWS;Muizenberg/ SAWS;January;18,60;;;;;;;
Muizenberg;SAWS;Muizenberg/ SAWS;January;21,13;;;;;;;
Muizenberg;SAWS;Muizenberg/ SAWS;January;19,48;;;;;;;
Muizenberg;SAWS;Muizenberg/ SAWS;January;20,07;;;;;;;
Muizenberg;SAWS;Muizenberg/ SAWS;January;20,07;;;;;;;
Muizenberg;SAWS;Muizenberg/ SAWS;January;18,85;;;;;;;
Muizenberg;SAWS;Muizenberg/ SAWS;February;18,73;19,02051163;;;;;;
Muizenberg;SAWS;Muizenberg/ SAWS;February;17,95;;;;;;;
Muizenberg;SAWS;Muizenberg/ SAWS;February;18,36;;;;;;;
Muizenberg;SAWS;Muizenberg/ SAWS;February;20,04;;;;;;;
Muizenberg;SAWS;Muizenberg/ SAWS;February;20,07;;;;;;;
Muizenberg;SAWS;Muizenberg/ SAWS;February;18,82;;;;;;;
Muizenberg;SAWS;Muizenberg/ SAWS;February;18,17;;;;;;;
Muizenberg;SAWS;Muizenberg/ SAWS;February;21,64;;;;;;;
Muizenberg;SAWS;Muizenberg/ SAWS;February;19,96;;;;;;;
Muizenberg;SAWS;Muizenberg/ SAWS;February;19,70;;;;;;;
Muizenberg;SAWS;Muizenberg/ SAWS;February;19,62;;;;;;;
Muizenberg;SAWS;Muizenberg/ SAWS;February;19,54;;;;;;;
Muizenberg;SAWS;Muizenberg/ SAWS;February;19,50;;;;;;;
Muizenberg;SAWS;Muizenberg/ SAWS;February;19,86;;;;;;;
Muizenberg;SAWS;Muizenberg/ SAWS;February;18,76;;;;;;;
Muizenberg;SAWS;Muizenberg/ SAWS;February;17,30;;;;;;;
Muizenberg;SAWS;Muizenberg/ SAWS;February;17,39;;;;;;;
Muizenberg;SAWS;Muizenberg/ SAWS;February;18,86;;;;;;;
Muizenberg;SAWS;Muizenberg/ SAWS;February;19,47;;;;;;;
Muizenberg;SAWS;Muizenberg/ SAWS;February;18,21;;;;;;;
Muizenberg;SAWS;Muizenberg/ SAWS;February;16,75;;;;;;;
Muizenberg;SAWS;Muizenberg/ SAWS;February;19,20;;;;;;;
Muizenberg;SAWS;Muizenberg/ SAWS;February;18,38;;;;;;;
Muizenberg;SAWS;Muizenberg/ SAWS;February;18,61;;;;;;;
Muizenberg;SAWS;Muizenberg/ SAWS;February;19,30;;;;;;;
Muizenberg;SAWS;Muizenberg/ SAWS;February;18,88;;;;;;;
Muizenberg;SAWS;Muizenberg/ SAWS;February;21,41;;;;;;;
Muizenberg;SAWS;Muizenberg/ SAWS;February;17,77;;;;;;;
Muizenberg;SAWS;Muizenberg/ SAWS;February;18,14;;;;;;;
Muizenberg;SAWS;Muizenberg/ SAWS;February;20,32;;;;;;;
Muizenberg;SAWS;Muizenberg/ SAWS;February;18,75;;;;;;;
Muizenberg;SAWS;Muizenberg/ SAWS;February;18,86;;;;;;;
Muizenberg;SAWS;Muizenberg/ SAWS;February;18,71;;;;;;;
Muizenberg;SAWS;Muizenberg/ SAWS;February;19,59;;;;;;;
Muizenberg;SAWS;Muizenberg/ SAWS;February;18,53;;;;;;;
Muizenberg;SAWS;Muizenberg/ SAWS;February;19,30;;;;;;;
Muizenberg;SAWS;Muizenberg/ SAWS;February;19,63;;;;;;;
Muizenberg;SAWS;Muizenberg/ SAWS;February;19,16;;;;;;;
Muizenberg;SAWS;Muizenberg/ SAWS;February;19,48;;;;;;;
Muizenberg;SAWS;Muizenberg/ SAWS;February;18,98;;;;;;;
Muizenberg;SAWS;Muizenberg/ SAWS;February;19,77;;;;;;;
Muizenberg;SAWS;Muizenberg/ SAWS;February;17,64;;;;;;;
Muizenberg;SAWS;Muizenberg/ SAWS;February;18,76;;;;;;;
Muizenberg;SAWS;Muizenberg/ SAWS;March;17,10;17,79102381;;;;;;
Muizenberg;SAWS;Muizenberg/ SAWS;March;16,89;;;;;;;
Muizenberg;SAWS;Muizenberg/ SAWS;March;17,92;;;;;;;
Muizenberg;SAWS;Muizenberg/ SAWS;March;16,77;;;;;;;
Muizenberg;SAWS;Muizenberg/ SAWS;March;19,36;;;;;;;
Muizenberg;SAWS;Muizenberg/ SAWS;March;17,60;;;;;;;
Muizenberg;SAWS;Muizenberg/ SAWS;March;18,05;;;;;;;
Muizenberg;SAWS;Muizenberg/ SAWS;March;20,08;;;;;;;
Muizenberg;SAWS;Muizenberg/ SAWS;March;16,32;;;;;;;
Muizenberg;SAWS;Muizenberg/ SAWS;March;16,87;;;;;;;
Muizenberg;SAWS;Muizenberg/ SAWS;March;16,98;;;;;;;
Muizenberg;SAWS;Muizenberg/ SAWS;March;17,80;;;;;;;
Muizenberg;SAWS;Muizenberg/ SAWS;March;17,74;;;;;;;
Muizenberg;SAWS;Muizenberg/ SAWS;March;18,58;;;;;;;
Muizenberg;SAWS;Muizenberg/ SAWS;March;17,34;;;;;;;
Muizenberg;SAWS;Muizenberg/ SAWS;March;17,36;;;;;;;
Muizenberg;SAWS;Muizenberg/ SAWS;March;15,98;;;;;;;
Muizenberg;SAWS;Muizenberg/ SAWS;March;18,76;;;;;;;
Muizenberg;SAWS;Muizenberg/ SAWS;March;17,24;;;;;;;
Muizenberg;SAWS;Muizenberg/ SAWS;March;18,27;;;;;;;
Muizenberg;SAWS;Muizenberg/ SAWS;March;16,76;;;;;;;
Muizenberg;SAWS;Muizenberg/ SAWS;March;16,97;;;;;;;
Muizenberg;SAWS;Muizenberg/ SAWS;March;16,65;;;;;;;
Muizenberg;SAWS;Muizenberg/ SAWS;March;17,61;;;;;;;
Muizenberg;SAWS;Muizenberg/ SAWS;March;17,36;;;;;;;
Muizenberg;SAWS;Muizenberg/ SAWS;March;19,31;;;;;;;
Muizenberg;SAWS;Muizenberg/ SAWS;March;20,84;;;;;;;
Muizenberg;SAWS;Muizenberg/ SAWS;March;17,86;;;;;;;
Muizenberg;SAWS;Muizenberg/ SAWS;March;18,77;;;;;;;
Muizenberg;SAWS;Muizenberg/ SAWS;March;18,76;;;;;;;
Muizenberg;SAWS;Muizenberg/ SAWS;March;17,21;;;;;;;
Muizenberg;SAWS;Muizenberg/ SAWS;March;18,23;;;;;;;
Muizenberg;SAWS;Muizenberg/ SAWS;March;17,26;;;;;;;
Muizenberg;SAWS;Muizenberg/ SAWS;March;18,68;;;;;;;
Muizenberg;SAWS;Muizenberg/ SAWS;March;17,90;;;;;;;
Muizenberg;SAWS;Muizenberg/ SAWS;March;18,18;;;;;;;
Muizenberg;SAWS;Muizenberg/ SAWS;March;17,39;;;;;;;
Muizenberg;SAWS;Muizenberg/ SAWS;March;17,95;;;;;;;
Muizenberg;SAWS;Muizenberg/ SAWS;March;18,88;;;;;;;
Muizenberg;SAWS;Muizenberg/ SAWS;March;18,34;;;;;;;
Muizenberg;SAWS;Muizenberg/ SAWS;March;17,63;;;;;;;
Muizenberg;SAWS;Muizenberg/ SAWS;March;15,71;;;;;;;
Muizenberg;SAWS;Muizenberg/ SAWS;April;15,52;15,94054762;;;;;;
Muizenberg;SAWS;Muizenberg/ SAWS;April;16,17;;;;;;;
Muizenberg;SAWS;Muizenberg/ SAWS;April;16,81;;;;;;;
Muizenberg;SAWS;Muizenberg/ SAWS;April;16,98;;;;;;;
Muizenberg;SAWS;Muizenberg/ SAWS;April;16,45;;;;;;;
Muizenberg;SAWS;Muizenberg/ SAWS;April;17,07;;;;;;;
Muizenberg;SAWS;Muizenberg/ SAWS;April;16,92;;;;;;;
Muizenberg;SAWS;Muizenberg/ SAWS;April;17,73;;;;;;;
Muizenberg;SAWS;Muizenberg/ SAWS;April;16,07;;;;;;;
Muizenberg;SAWS;Muizenberg/ SAWS;April;16,45;;;;;;;
Muizenberg;SAWS;Muizenberg/ SAWS;April;12,47;;;;;;;
Muizenberg;SAWS;Muizenberg/ SAWS;April;16,00;;;;;;;
Muizenberg;SAWS;Muizenberg/ SAWS;April;16,33;;;;;;;
Muizenberg;SAWS;Muizenberg/ SAWS;April;16,75;;;;;;;
Muizenberg;SAWS;Muizenberg/ SAWS;April;15,80;;;;;;;
Muizenberg;SAWS;Muizenberg/ SAWS;April;16,13;;;;;;;
Muizenberg;SAWS;Muizenberg/ SAWS;April;15,73;;;;;;;
Muizenberg;SAWS;Muizenberg/ SAWS;April;17,20;;;;;;;
Muizenberg;SAWS;Muizenberg/ SAWS;April;12,93;;;;;;;
Muizenberg;SAWS;Muizenberg/ SAWS;April;15,05;;;;;;;
Muizenberg;SAWS;Muizenberg/ SAWS;April;14,93;;;;;;;
Muizenberg;SAWS;Muizenberg/ SAWS;April;14,48;;;;;;;
Muizenberg;SAWS;Muizenberg/ SAWS;April;14,27;;;;;;;
Muizenberg;SAWS;Muizenberg/ SAWS;April;15,52;;;;;;;
Muizenberg;SAWS;Muizenberg/ SAWS;April;16,22;;;;;;;
Muizenberg;SAWS;Muizenberg/ SAWS;April;19,28;;;;;;;
Muizenberg;SAWS;Muizenberg/ SAWS;April;19,10;;;;;;;
Muizenberg;SAWS;Muizenberg/ SAWS;April;15,62;;;;;;;
Muizenberg;SAWS;Muizenberg/ SAWS;April;16,15;;;;;;;
Muizenberg;SAWS;Muizenberg/ SAWS;April;17,05;;;;;;;
Muizenberg;SAWS;Muizenberg/ SAWS;April;15,82;;;;;;;
Muizenberg;SAWS;Muizenberg/ SAWS;April;15,80;;;;;;;
Muizenberg;SAWS;Muizenberg/ SAWS;April;15,47;;;;;;;
Muizenberg;SAWS;Muizenberg/ SAWS;April;16,52;;;;;;;
Muizenberg;SAWS;Muizenberg/ SAWS;April;14,97;;;;;;;
Muizenberg;SAWS;Muizenberg/ SAWS;April;15,32;;;;;;;
Muizenberg;SAWS;Muizenberg/ SAWS;April;15,00;;;;;;;
Muizenberg;SAWS;Muizenberg/ SAWS;April;16,02;;;;;;;
Muizenberg;SAWS;Muizenberg/ SAWS;April;15,67;;;;;;;
Muizenberg;SAWS;Muizenberg/ SAWS;April;15,68;;;;;;;
Muizenberg;SAWS;Muizenberg/ SAWS;April;16,65;;;;;;;
Muizenberg;SAWS;Muizenberg/ SAWS;April;13,42;;;;;;;
Muizenberg;SAWS;Muizenberg/ SAWS;May;14,04;14,19918605;;;;;;
Muizenberg;SAWS;Muizenberg/ SAWS;May;13,61;;;;;;;
Muizenberg;SAWS;Muizenberg/ SAWS;May;15,94;;;;;;;
Muizenberg;SAWS;Muizenberg/ SAWS;May;15,98;;;;;;;
Muizenberg;SAWS;Muizenberg/ SAWS;May;14,36;;;;;;;
Muizenberg;SAWS;Muizenberg/ SAWS;May;13,97;;;;;;;
Muizenberg;SAWS;Muizenberg/ SAWS;May;16,16;;;;;;;
Muizenberg;SAWS;Muizenberg/ SAWS;May;14,79;;;;;;;
Muizenberg;SAWS;Muizenberg/ SAWS;May;14,66;;;;;;;
Muizenberg;SAWS;Muizenberg/ SAWS;May;15,11;;;;;;;
Muizenberg;SAWS;Muizenberg/ SAWS;May;14,68;;;;;;;
Muizenberg;SAWS;Muizenberg/ SAWS;May;11,18;;;;;;;
Muizenberg;SAWS;Muizenberg/ SAWS;May;14,55;;;;;;;
Muizenberg;SAWS;Muizenberg/ SAWS;May;14,65;;;;;;;
Muizenberg;SAWS;Muizenberg/ SAWS;May;15,58;;;;;;;
Muizenberg;SAWS;Muizenberg/ SAWS;May;13,74;;;;;;;
Muizenberg;SAWS;Muizenberg/ SAWS;May;13,15;;;;;;;
Muizenberg;SAWS;Muizenberg/ SAWS;May;14,97;;;;;;;
Muizenberg;SAWS;Muizenberg/ SAWS;May;16,15;;;;;;;
Muizenberg;SAWS;Muizenberg/ SAWS;May;12,19;;;;;;;
Muizenberg;SAWS;Muizenberg/ SAWS;May;15,18;;;;;;;
Muizenberg;SAWS;Muizenberg/ SAWS;May;14,19;;;;;;;
Muizenberg;SAWS;Muizenberg/ SAWS;May;13,03;;;;;;;
Muizenberg;SAWS;Muizenberg/ SAWS;May;13,68;;;;;;;
Muizenberg;SAWS;Muizenberg/ SAWS;May;13,36;;;;;;;
Muizenberg;SAWS;Muizenberg/ SAWS;May;14,16;;;;;;;
Muizenberg;SAWS;Muizenberg/ SAWS;May;17,15;;;;;;;
Muizenberg;SAWS;Muizenberg/ SAWS;May;16,40;;;;;;;
Muizenberg;SAWS;Muizenberg/ SAWS;May;12,94;;;;;;;
Muizenberg;SAWS;Muizenberg/ SAWS;May;13,37;;;;;;;
Muizenberg;SAWS;Muizenberg/ SAWS;May;14,74;;;;;;;
Muizenberg;SAWS;Muizenberg/ SAWS;May;14,36;;;;;;;
Muizenberg;SAWS;Muizenberg/ SAWS;May;13,79;;;;;;;
Muizenberg;SAWS;Muizenberg/ SAWS;May;12,86;;;;;;;
Muizenberg;SAWS;Muizenberg/ SAWS;May;11,93;;;;;;;
Muizenberg;SAWS;Muizenberg/ SAWS;May;14,77;;;;;;;
Muizenberg;SAWS;Muizenberg/ SAWS;May;14,54;;;;;;;
Muizenberg;SAWS;Muizenberg/ SAWS;May;13,04;;;;;;;
Muizenberg;SAWS;Muizenberg/ SAWS;May;13,45;;;;;;;
Muizenberg;SAWS;Muizenberg/ SAWS;May;13,92;;;;;;;
Muizenberg;SAWS;Muizenberg/ SAWS;May;14,36;;;;;;;
Muizenberg;SAWS;Muizenberg/ SAWS;May;13,92;;;;;;;
Muizenberg;SAWS;Muizenberg/ SAWS;May;12,00;;;;;;;
Muizenberg;SAWS;Muizenberg/ SAWS;June;14,03;12,77247619;;;;;;
Muizenberg;SAWS;Muizenberg/ SAWS;June;13,35;;;;;;;
Muizenberg;SAWS;Muizenberg/ SAWS;June;14,02;;;;;;;
Muizenberg;SAWS;Muizenberg/ SAWS;June;12,89;;;;;;;
Muizenberg;SAWS;Muizenberg/ SAWS;June;13,75;;;;;;;
Muizenberg;SAWS;Muizenberg/ SAWS;June;13,58;;;;;;;
Muizenberg;SAWS;Muizenberg/ SAWS;June;12,88;;;;;;;
Muizenberg;SAWS;Muizenberg/ SAWS;June;13,78;;;;;;;
Muizenberg;SAWS;Muizenberg/ SAWS;June;12,67;;;;;;;
Muizenberg;SAWS;Muizenberg/ SAWS;June;13,42;;;;;;;
Muizenberg;SAWS;Muizenberg/ SAWS;June;13,72;;;;;;;
Muizenberg;SAWS;Muizenberg/ SAWS;June;10,40;;;;;;;
Muizenberg;SAWS;Muizenberg/ SAWS;June;13,45;;;;;;;
Muizenberg;SAWS;Muizenberg/ SAWS;June;12,50;;;;;;;
Muizenberg;SAWS;Muizenberg/ SAWS;June;14,22;;;;;;;
Muizenberg;SAWS;Muizenberg/ SAWS;June;11,22;;;;;;;
Muizenberg;SAWS;Muizenberg/ SAWS;June;12,40;;;;;;;
Muizenberg;SAWS;Muizenberg/ SAWS;June;13,30;;;;;;;
Muizenberg;SAWS;Muizenberg/ SAWS;June;13,28;;;;;;;
Muizenberg;SAWS;Muizenberg/ SAWS;June;10,65;;;;;;;
Muizenberg;SAWS;Muizenberg/ SAWS;June;14,83;;;;;;;
Muizenberg;SAWS;Muizenberg/ SAWS;June;13,25;;;;;;;
Muizenberg;SAWS;Muizenberg/ SAWS;June;13,28;;;;;;;
Muizenberg;SAWS;Muizenberg/ SAWS;June;12,40;;;;;;;
Muizenberg;SAWS;Muizenberg/ SAWS;June;11,95;;;;;;;
Muizenberg;SAWS;Muizenberg/ SAWS;June;13,25;;;;;;;
Muizenberg;SAWS;Muizenberg/ SAWS;June;14,80;;;;;;;
Muizenberg;SAWS;Muizenberg/ SAWS;June;14,13;;;;;;;
Muizenberg;SAWS;Muizenberg/ SAWS;June;11,60;;;;;;;
Muizenberg;SAWS;Muizenberg/ SAWS;June;10,82;;;;;;;
Muizenberg;SAWS;Muizenberg/ SAWS;June;11,98;;;;;;;
Muizenberg;SAWS;Muizenberg/ SAWS;June;12,97;;;;;;;
Muizenberg;SAWS;Muizenberg/ SAWS;June;12,13;;;;;;;
Muizenberg;SAWS;Muizenberg/ SAWS;June;12,20;;;;;;;
Muizenberg;SAWS;Muizenberg/ SAWS;June;NA;;;;;;;
Muizenberg;SAWS;Muizenberg/ SAWS;June;12,40;;;;;;;
Muizenberg;SAWS;Muizenberg/ SAWS;June;13,90;;;;;;;
Muizenberg;SAWS;Muizenberg/ SAWS;June;11,32;;;;;;;
Muizenberg;SAWS;Muizenberg/ SAWS;June;11,85;;;;;;;
Muizenberg;SAWS;Muizenberg/ SAWS;June;12,70;;;;;;;
Muizenberg;SAWS;Muizenberg/ SAWS;June;12,22;;;;;;;
Muizenberg;SAWS;Muizenberg/ SAWS;June;11,83;;;;;;;
Muizenberg;SAWS;Muizenberg/ SAWS;June;11,12;;;;;;;
Muizenberg;SAWS;Muizenberg/ SAWS;July;13,73;12,35072093;;;;;;
Muizenberg;SAWS;Muizenberg/ SAWS;July;13,86;;;;;;;
Muizenberg;SAWS;Muizenberg/ SAWS;July;13,23;;;;;;;
Muizenberg;SAWS;Muizenberg/ SAWS;July;12,65;;;;;;;
Muizenberg;SAWS;Muizenberg/ SAWS;July;12,89;;;;;;;
Muizenberg;SAWS;Muizenberg/ SAWS;July;13,58;;;;;;;
Muizenberg;SAWS;Muizenberg/ SAWS;July;12,48;;;;;;;
Muizenberg;SAWS;Muizenberg/ SAWS;July;14,52;;;;;;;
Muizenberg;SAWS;Muizenberg/ SAWS;July;12,10;;;;;;;
Muizenberg;SAWS;Muizenberg/ SAWS;July;13,45;;;;;;;
Muizenberg;SAWS;Muizenberg/ SAWS;July;12,52;;;;;;;
Muizenberg;SAWS;Muizenberg/ SAWS;July;9,71;;;;;;;
Muizenberg;SAWS;Muizenberg/ SAWS;July;11,79;;;;;;;
Muizenberg;SAWS;Muizenberg/ SAWS;July;11,73;;;;;;;
Muizenberg;SAWS;Muizenberg/ SAWS;July;12,92;;;;;;;
Muizenberg;SAWS;Muizenberg/ SAWS;July;11,55;;;;;;;
Muizenberg;SAWS;Muizenberg/ SAWS;July;11,73;;;;;;;
Muizenberg;SAWS;Muizenberg/ SAWS;July;12,07;;;;;;;
Muizenberg;SAWS;Muizenberg/ SAWS;July;13,05;;;;;;;
Muizenberg;SAWS;Muizenberg/ SAWS;July;10,19;;;;;;;
Muizenberg;SAWS;Muizenberg/ SAWS;July;14,36;;;;;;;
Muizenberg;SAWS;Muizenberg/ SAWS;July;12,58;;;;;;;
Muizenberg;SAWS;Muizenberg/ SAWS;July;12,97;;;;;;;
Muizenberg;SAWS;Muizenberg/ SAWS;July;12,18;;;;;;;
Muizenberg;SAWS;Muizenberg/ SAWS;July;11,79;;;;;;;
Muizenberg;SAWS;Muizenberg/ SAWS;July;11,84;;;;;;;
Muizenberg;SAWS;Muizenberg/ SAWS;July;14,48;;;;;;;
Muizenberg;SAWS;Muizenberg/ SAWS;July;13,94;;;;;;;
Muizenberg;SAWS;Muizenberg/ SAWS;July;10,76;;;;;;;
Muizenberg;SAWS;Muizenberg/ SAWS;July;10,82;;;;;;;
Muizenberg;SAWS;Muizenberg/ SAWS;July;11,23;;;;;;;
Muizenberg;SAWS;Muizenberg/ SAWS;July;11,74;;;;;;;
Muizenberg;SAWS;Muizenberg/ SAWS;July;12,95;;;;;;;
Muizenberg;SAWS;Muizenberg/ SAWS;July;12,08;;;;;;;
Muizenberg;SAWS;Muizenberg/ SAWS;July;12,40;;;;;;;
Muizenberg;SAWS;Muizenberg/ SAWS;July;11,69;;;;;;;
Muizenberg;SAWS;Muizenberg/ SAWS;July;14,14;;;;;;;
Muizenberg;SAWS;Muizenberg/ SAWS;July;10,77;;;;;;;
Muizenberg;SAWS;Muizenberg/ SAWS;July;11,61;;;;;;;
Muizenberg;SAWS;Muizenberg/ SAWS;July;11,81;;;;;;;
Muizenberg;SAWS;Muizenberg/ SAWS;July;12,42;;;;;;;
Muizenberg;SAWS;Muizenberg/ SAWS;July;11,97;;;;;;;
Muizenberg;SAWS;Muizenberg/ SAWS;July;10,85;;;;;;;
Muizenberg;SAWS;Muizenberg/ SAWS;August;12,60;12,80567442;;;;;;
Muizenberg;SAWS;Muizenberg/ SAWS;August;13,31;;;;;;;
Muizenberg;SAWS;Muizenberg/ SAWS;August;13,29;;;;;;;
Muizenberg;SAWS;Muizenberg/ SAWS;August;13,25;;;;;;;
Muizenberg;SAWS;Muizenberg/ SAWS;August;13,61;;;;;;;
Muizenberg;SAWS;Muizenberg/ SAWS;August;13,24;;;;;;;
Muizenberg;SAWS;Muizenberg/ SAWS;August;13,63;;;;;;;
Muizenberg;SAWS;Muizenberg/ SAWS;August;14,24;;;;;;;
Muizenberg;SAWS;Muizenberg/ SAWS;August;12,52;;;;;;;
Muizenberg;SAWS;Muizenberg/ SAWS;August;13,85;;;;;;;
Muizenberg;SAWS;Muizenberg/ SAWS;August;13,40;;;;;;;
Muizenberg;SAWS;Muizenberg/ SAWS;August;10,39;;;;;;;
Muizenberg;SAWS;Muizenberg/ SAWS;August;13,16;;;;;;;
Muizenberg;SAWS;Muizenberg/ SAWS;August;12,71;;;;;;;
Muizenberg;SAWS;Muizenberg/ SAWS;August;13,71;;;;;;;
Muizenberg;SAWS;Muizenberg/ SAWS;August;12,84;;;;;;;
Muizenberg;SAWS;Muizenberg/ SAWS;August;13,79;;;;;;;
Muizenberg;SAWS;Muizenberg/ SAWS;August;13,07;;;;;;;
Muizenberg;SAWS;Muizenberg/ SAWS;August;13,47;;;;;;;
Muizenberg;SAWS;Muizenberg/ SAWS;August;11,02;;;;;;;
Muizenberg;SAWS;Muizenberg/ SAWS;August;14,32;;;;;;;
Muizenberg;SAWS;Muizenberg/ SAWS;August;13,45;;;;;;;
Muizenberg;SAWS;Muizenberg/ SAWS;August;13,55;;;;;;;
Muizenberg;SAWS;Muizenberg/ SAWS;August;12,63;;;;;;;
Muizenberg;SAWS;Muizenberg/ SAWS;August;12,53;;;;;;;
Muizenberg;SAWS;Muizenberg/ SAWS;August;12,73;;;;;;;
Muizenberg;SAWS;Muizenberg/ SAWS;August;15,69;;;;;;;
Muizenberg;SAWS;Muizenberg/ SAWS;August;13,11;;;;;;;
Muizenberg;SAWS;Muizenberg/ SAWS;August;11,00;;;;;;;
Muizenberg;SAWS;Muizenberg/ SAWS;August;12,24;;;;;;;
Muizenberg;SAWS;Muizenberg/ SAWS;August;11,07;;;;;;;
Muizenberg;SAWS;Muizenberg/ SAWS;August;12,27;;;;;;;
Muizenberg;SAWS;Muizenberg/ SAWS;August;11,84;;;;;;;
Muizenberg;SAWS;Muizenberg/ SAWS;August;12,24;;;;;;;
Muizenberg;SAWS;Muizenberg/ SAWS;August;12,57;;;;;;;
Muizenberg;SAWS;Muizenberg/ SAWS;August;12,10;;;;;;;
Muizenberg;SAWS;Muizenberg/ SAWS;August;13,20;;;;;;;
Muizenberg;SAWS;Muizenberg/ SAWS;August;11,87;;;;;;;
Muizenberg;SAWS;Muizenberg/ SAWS;August;11,89;;;;;;;
Muizenberg;SAWS;Muizenberg/ SAWS;August;11,74;;;;;;;
Muizenberg;SAWS;Muizenberg/ SAWS;August;12,38;;;;;;;
Muizenberg;SAWS;Muizenberg/ SAWS;August;13,07;;;;;;;
Muizenberg;SAWS;Muizenberg/ SAWS;August;12,07;;;;;;;
Muizenberg;SAWS;Muizenberg/ SAWS;September;13,93;14,06151163;;;;;;
Muizenberg;SAWS;Muizenberg/ SAWS;September;14,42;;;;;;;
Muizenberg;SAWS;Muizenberg/ SAWS;September;15,45;;;;;;;
Muizenberg;SAWS;Muizenberg/ SAWS;September;15,11;;;;;;;
Muizenberg;SAWS;Muizenberg/ SAWS;September;15,10;;;;;;;
Muizenberg;SAWS;Muizenberg/ SAWS;September;14,52;;;;;;;
Muizenberg;SAWS;Muizenberg/ SAWS;September;13,87;;;;;;;
Muizenberg;SAWS;Muizenberg/ SAWS;September;14,63;;;;;;;
Muizenberg;SAWS;Muizenberg/ SAWS;September;14,03;;;;;;;
Muizenberg;SAWS;Muizenberg/ SAWS;September;14,93;;;;;;;
Muizenberg;SAWS;Muizenberg/ SAWS;September;13,88;;;;;;;
Muizenberg;SAWS;Muizenberg/ SAWS;September;10,74;;;;;;;
Muizenberg;SAWS;Muizenberg/ SAWS;September;15,03;;;;;;;
Muizenberg;SAWS;Muizenberg/ SAWS;September;14,97;;;;;;;
Muizenberg;SAWS;Muizenberg/ SAWS;September;14,75;;;;;;;
Muizenberg;SAWS;Muizenberg/ SAWS;September;12,95;;;;;;;
Muizenberg;SAWS;Muizenberg/ SAWS;September;15,28;;;;;;;
Muizenberg;SAWS;Muizenberg/ SAWS;September;14,12;;;;;;;
Muizenberg;SAWS;Muizenberg/ SAWS;September;14,98;;;;;;;
Muizenberg;SAWS;Muizenberg/ SAWS;September;14,28;;;;;;;
Muizenberg;SAWS;Muizenberg/ SAWS;September;15,23;;;;;;;
Muizenberg;SAWS;Muizenberg/ SAWS;September;14,41;;;;;;;
Muizenberg;SAWS;Muizenberg/ SAWS;September;14,72;;;;;;;
Muizenberg;SAWS;Muizenberg/ SAWS;September;13,42;;;;;;;
Muizenberg;SAWS;Muizenberg/ SAWS;September;15,48;;;;;;;
Muizenberg;SAWS;Muizenberg/ SAWS;September;13,32;;;;;;;
Muizenberg;SAWS;Muizenberg/ SAWS;September;16,39;;;;;;;
Muizenberg;SAWS;Muizenberg/ SAWS;September;13,10;;;;;;;
Muizenberg;SAWS;Muizenberg/ SAWS;September;11,67;;;;;;;
Muizenberg;SAWS;Muizenberg/ SAWS;September;13,72;;;;;;;
Muizenberg;SAWS;Muizenberg/ SAWS;September;13,37;;;;;;;
Muizenberg;SAWS;Muizenberg/ SAWS;September;14,50;;;;;;;
Muizenberg;SAWS;Muizenberg/ SAWS;September;13,83;;;;;;;
Muizenberg;SAWS;Muizenberg/ SAWS;September;13,60;;;;;;;
Muizenberg;SAWS;Muizenberg/ SAWS;September;14,67;;;;;;;
Muizenberg;SAWS;Muizenberg/ SAWS;September;11,88;;;;;;;
Muizenberg;SAWS;Muizenberg/ SAWS;September;12,41;;;;;;;
Muizenberg;SAWS;Muizenberg/ SAWS;September;13,67;;;;;;;
Muizenberg;SAWS;Muizenberg/ SAWS;September;13,41;;;;;;;
Muizenberg;SAWS;Muizenberg/ SAWS;September;13,17;;;;;;;
Muizenberg;SAWS;Muizenberg/ SAWS;September;13,77;;;;;;;
Muizenberg;SAWS;Muizenberg/ SAWS;September;13,69;;;;;;;
Muizenberg;SAWS;Muizenberg/ SAWS;September;14,23;;;;;;;
Muizenberg;SAWS;Muizenberg/ SAWS;October;16,84;15,76733333;;;;;;
Muizenberg;SAWS;Muizenberg/ SAWS;October;16,13;;;;;;;
Muizenberg;SAWS;Muizenberg/ SAWS;October;15,61;;;;;;;
Muizenberg;SAWS;Muizenberg/ SAWS;October;16,18;;;;;;;
Muizenberg;SAWS;Muizenberg/ SAWS;October;16,53;;;;;;;
Muizenberg;SAWS;Muizenberg/ SAWS;October;16,02;;;;;;;
Muizenberg;SAWS;Muizenberg/ SAWS;October;15,57;;;;;;;
Muizenberg;SAWS;Muizenberg/ SAWS;October;16,63;;;;;;;
Muizenberg;SAWS;Muizenberg/ SAWS;October;16,37;;;;;;;
Muizenberg;SAWS;Muizenberg/ SAWS;October;15,95;;;;;;;
Muizenberg;SAWS;Muizenberg/ SAWS;October;15,64;;;;;;;
Muizenberg;SAWS;Muizenberg/ SAWS;October;12,19;;;;;;;
Muizenberg;SAWS;Muizenberg/ SAWS;October;16,39;;;;;;;
Muizenberg;SAWS;Muizenberg/ SAWS;October;16,79;;;;;;;
Muizenberg;SAWS;Muizenberg/ SAWS;October;16,40;;;;;;;
Muizenberg;SAWS;Muizenberg/ SAWS;October;15,11;;;;;;;
Muizenberg;SAWS;Muizenberg/ SAWS;October;15,86;;;;;;;
Muizenberg;SAWS;Muizenberg/ SAWS;October;15,00;;;;;;;
Muizenberg;SAWS;Muizenberg/ SAWS;October;17,24;;;;;;;
Muizenberg;SAWS;Muizenberg/ SAWS;October;14,50;;;;;;;
Muizenberg;SAWS;Muizenberg/ SAWS;October;15,94;;;;;;;
Muizenberg;SAWS;Muizenberg/ SAWS;October;15,73;;;;;;;
Muizenberg;SAWS;Muizenberg/ SAWS;October;15,55;;;;;;;
Muizenberg;SAWS;Muizenberg/ SAWS;October;15,21;;;;;;;
Muizenberg;SAWS;Muizenberg/ SAWS;October;17,02;;;;;;;
Muizenberg;SAWS;Muizenberg/ SAWS;October;14,53;;;;;;;
Muizenberg;SAWS;Muizenberg/ SAWS;October;19,65;;;;;;;
Muizenberg;SAWS;Muizenberg/ SAWS;October;14,61;;;;;;;
Muizenberg;SAWS;Muizenberg/ SAWS;October;14,00;;;;;;;
Muizenberg;SAWS;Muizenberg/ SAWS;October;15,34;;;;;;;
Muizenberg;SAWS;Muizenberg/ SAWS;October;15,79;;;;;;;
Muizenberg;SAWS;Muizenberg/ SAWS;October;15,65;;;;;;;
Muizenberg;SAWS;Muizenberg/ SAWS;October;16,12;;;;;;;
Muizenberg;SAWS;Muizenberg/ SAWS;October;15,39;;;;;;;
Muizenberg;SAWS;Muizenberg/ SAWS;October;NA;;;;;;;
Muizenberg;SAWS;Muizenberg/ SAWS;October;15,39;;;;;;;
Muizenberg;SAWS;Muizenberg/ SAWS;October;16,26;;;;;;;
Muizenberg;SAWS;Muizenberg/ SAWS;October;15,48;;;;;;;
Muizenberg;SAWS;Muizenberg/ SAWS;October;15,75;;;;;;;
Muizenberg;SAWS;Muizenberg/ SAWS;October;14,81;;;;;;;
Muizenberg;SAWS;Muizenberg/ SAWS;October;14,80;;;;;;;
Muizenberg;SAWS;Muizenberg/ SAWS;October;15,59;;;;;;;
Muizenberg;SAWS;Muizenberg/ SAWS;October;16,70;;;;;;;
Muizenberg;SAWS;Muizenberg/ SAWS;November;17,62;17,5735814;;;;;;
Muizenberg;SAWS;Muizenberg/ SAWS;November;17,90;;;;;;;
Muizenberg;SAWS;Muizenberg/ SAWS;November;17,77;;;;;;;
Muizenberg;SAWS;Muizenberg/ SAWS;November;16,58;;;;;;;
Muizenberg;SAWS;Muizenberg/ SAWS;November;19,57;;;;;;;
Muizenberg;SAWS;Muizenberg/ SAWS;November;18,58;;;;;;;
Muizenberg;SAWS;Muizenberg/ SAWS;November;18,58;;;;;;;
Muizenberg;SAWS;Muizenberg/ SAWS;November;18,35;;;;;;;
Muizenberg;SAWS;Muizenberg/ SAWS;November;18,02;;;;;;;
Muizenberg;SAWS;Muizenberg/ SAWS;November;17,25;;;;;;;
Muizenberg;SAWS;Muizenberg/ SAWS;November;18,27;;;;;;;
Muizenberg;SAWS;Muizenberg/ SAWS;November;16,63;;;;;;;
Muizenberg;SAWS;Muizenberg/ SAWS;November;17,93;;;;;;;
Muizenberg;SAWS;Muizenberg/ SAWS;November;18,40;;;;;;;
Muizenberg;SAWS;Muizenberg/ SAWS;November;17,73;;;;;;;
Muizenberg;SAWS;Muizenberg/ SAWS;November;17,63;;;;;;;
Muizenberg;SAWS;Muizenberg/ SAWS;November;17,07;;;;;;;
Muizenberg;SAWS;Muizenberg/ SAWS;November;17,72;;;;;;;
Muizenberg;SAWS;Muizenberg/ SAWS;November;19,12;;;;;;;
Muizenberg;SAWS;Muizenberg/ SAWS;November;15,58;;;;;;;
Muizenberg;SAWS;Muizenberg/ SAWS;November;16,90;;;;;;;
Muizenberg;SAWS;Muizenberg/ SAWS;November;18,03;;;;;;;
Muizenberg;SAWS;Muizenberg/ SAWS;November;17,93;;;;;;;
Muizenberg;SAWS;Muizenberg/ SAWS;November;17,12;;;;;;;
Muizenberg;SAWS;Muizenberg/ SAWS;November;17,45;;;;;;;
Muizenberg;SAWS;Muizenberg/ SAWS;November;15,60;;;;;;;
Muizenberg;SAWS;Muizenberg/ SAWS;November;21,41;;;;;;;
Muizenberg;SAWS;Muizenberg/ SAWS;November;15,63;;;;;;;
Muizenberg;SAWS;Muizenberg/ SAWS;November;16,98;;;;;;;
Muizenberg;SAWS;Muizenberg/ SAWS;November;16,43;;;;;;;
Muizenberg;SAWS;Muizenberg/ SAWS;November;17,71;;;;;;;
Muizenberg;SAWS;Muizenberg/ SAWS;November;19,15;;;;;;;
Muizenberg;SAWS;Muizenberg/ SAWS;November;17,72;;;;;;;
Muizenberg;SAWS;Muizenberg/ SAWS;November;17,80;;;;;;;
Muizenberg;SAWS;Muizenberg/ SAWS;November;16,91;;;;;;;
Muizenberg;SAWS;Muizenberg/ SAWS;November;17,23;;;;;;;
Muizenberg;SAWS;Muizenberg/ SAWS;November;16,36;;;;;;;
Muizenberg;SAWS;Muizenberg/ SAWS;November;16,87;;;;;;;
Muizenberg;SAWS;Muizenberg/ SAWS;November;16,53;;;;;;;
Muizenberg;SAWS;Muizenberg/ SAWS;November;17,97;;;;;;;
Muizenberg;SAWS;Muizenberg/ SAWS;November;17,32;;;;;;;
Muizenberg;SAWS;Muizenberg/ SAWS;November;17,15;;;;;;;
Muizenberg;SAWS;Muizenberg/ SAWS;November;17,14;;;;;;;
Muizenberg;SAWS;Muizenberg/ SAWS;December;19,20;19,06444186;;;;;;
Muizenberg;SAWS;Muizenberg/ SAWS;December;19,60;;;;;;;
Muizenberg;SAWS;Muizenberg/ SAWS;December;18,62;;;;;;;
Muizenberg;SAWS;Muizenberg/ SAWS;December;18,39;;;;;;;
Muizenberg;SAWS;Muizenberg/ SAWS;December;19,79;;;;;;;
Muizenberg;SAWS;Muizenberg/ SAWS;December;18,42;;;;;;;
Muizenberg;SAWS;Muizenberg/ SAWS;December;19,53;;;;;;;
Muizenberg;SAWS;Muizenberg/ SAWS;December;21,67;;;;;;;
Muizenberg;SAWS;Muizenberg/ SAWS;December;19,28;;;;;;;
Muizenberg;SAWS;Muizenberg/ SAWS;December;19,07;;;;;;;
Muizenberg;SAWS;Muizenberg/ SAWS;December;20,74;;;;;;;
Muizenberg;SAWS;Muizenberg/ SAWS;December;18,79;;;;;;;
Muizenberg;SAWS;Muizenberg/ SAWS;December;19,24;;;;;;;
Muizenberg;SAWS;Muizenberg/ SAWS;December;19,77;;;;;;;
Muizenberg;SAWS;Muizenberg/ SAWS;December;19,40;;;;;;;
Muizenberg;SAWS;Muizenberg/ SAWS;December;17,92;;;;;;;
Muizenberg;SAWS;Muizenberg/ SAWS;December;18,39;;;;;;;
Muizenberg;SAWS;Muizenberg/ SAWS;December;19,00;;;;;;;
Muizenberg;SAWS;Muizenberg/ SAWS;December;19,53;;;;;;;
Muizenberg;SAWS;Muizenberg/ SAWS;December;17,55;;;;;;;
Muizenberg;SAWS;Muizenberg/ SAWS;December;18,48;;;;;;;
Muizenberg;SAWS;Muizenberg/ SAWS;December;19,18;;;;;;;
Muizenberg;SAWS;Muizenberg/ SAWS;December;19,05;;;;;;;
Muizenberg;SAWS;Muizenberg/ SAWS;December;19,21;;;;;;;
Muizenberg;SAWS;Muizenberg/ SAWS;December;18,81;;;;;;;
Muizenberg;SAWS;Muizenberg/ SAWS;December;18,97;;;;;;;
Muizenberg;SAWS;Muizenberg/ SAWS;December;23,00;;;;;;;
Muizenberg;SAWS;Muizenberg/ SAWS;December;18,07;;;;;;;
Muizenberg;SAWS;Muizenberg/ SAWS;December;18,73;;;;;;;
Muizenberg;SAWS;Muizenberg/ SAWS;December;19,65;;;;;;;
Muizenberg;SAWS;Muizenberg/ SAWS;December;18,31;;;;;;;
Muizenberg;SAWS;Muizenberg/ SAWS;December;20,75;;;;;;;
Muizenberg;SAWS;Muizenberg/ SAWS;December;18,40;;;;;;;
Muizenberg;SAWS;Muizenberg/ SAWS;December;19,26;;;;;;;
Muizenberg;SAWS;Muizenberg/ SAWS;December;17,58;;;;;;;
Muizenberg;SAWS;Muizenberg/ SAWS;December;18,45;;;;;;;
Muizenberg;SAWS;Muizenberg/ SAWS;December;17,18;;;;;;;
Muizenberg;SAWS;Muizenberg/ SAWS;December;17,81;;;;;;;
Muizenberg;SAWS;Muizenberg/ SAWS;December;18,58;;;;;;;
Muizenberg;SAWS;Muizenberg/ SAWS;December;19,48;;;;;;;
Muizenberg;SAWS;Muizenberg/ SAWS;December;18,66;;;;;;;
Muizenberg;SAWS;Muizenberg/ SAWS;December;18,65;;;;;;;
Muizenberg;SAWS;Muizenberg/ SAWS;December;19,64;;;;;;;
Port Nolloth;SAWS;Port Nolloth/ SAWS;January;11,54;12,98006977;;;;;;
Port Nolloth;SAWS;Port Nolloth/ SAWS;January;11,02;;;;;;;
Port Nolloth;SAWS;Port Nolloth/ SAWS;January;13,45;;;;;;;
Port Nolloth;SAWS;Port Nolloth/ SAWS;January;12,97;;;;;;;
Port Nolloth;SAWS;Port Nolloth/ SAWS;January;12,82;;;;;;;
Port Nolloth;SAWS;Port Nolloth/ SAWS;January;13,19;;;;;;;
Port Nolloth;SAWS;Port Nolloth/ SAWS;January;13,77;;;;;;;
Port Nolloth;SAWS;Port Nolloth/ SAWS;January;13,08;;;;;;;
Port Nolloth;SAWS;Port Nolloth/ SAWS;January;12,17;;;;;;;
Port Nolloth;SAWS;Port Nolloth/ SAWS;January;11,96;;;;;;;
Port Nolloth;SAWS;Port Nolloth/ SAWS;January;14,04;;;;;;;
Port Nolloth;SAWS;Port Nolloth/ SAWS;January;12,89;;;;;;;
Port Nolloth;SAWS;Port Nolloth/ SAWS;January;12,13;;;;;;;
Port Nolloth;SAWS;Port Nolloth/ SAWS;January;12,34;;;;;;;
Port Nolloth;SAWS;Port Nolloth/ SAWS;January;11,48;;;;;;;
Port Nolloth;SAWS;Port Nolloth/ SAWS;January;14,00;;;;;;;
Port Nolloth;SAWS;Port Nolloth/ SAWS;January;12,68;;;;;;;
Port Nolloth;SAWS;Port Nolloth/ SAWS;January;12,21;;;;;;;
Port Nolloth;SAWS;Port Nolloth/ SAWS;January;11,13;;;;;;;
Port Nolloth;SAWS;Port Nolloth/ SAWS;January;11,81;;;;;;;
Port Nolloth;SAWS;Port Nolloth/ SAWS;January;12,98;;;;;;;
Port Nolloth;SAWS;Port Nolloth/ SAWS;January;13,53;;;;;;;
Port Nolloth;SAWS;Port Nolloth/ SAWS;January;13,79;;;;;;;
Port Nolloth;SAWS;Port Nolloth/ SAWS;January;12,53;;;;;;;
Port Nolloth;SAWS;Port Nolloth/ SAWS;January;12,74;;;;;;;
Port Nolloth;SAWS;Port Nolloth/ SAWS;January;12,52;;;;;;;
Port Nolloth;SAWS;Port Nolloth/ SAWS;January;13,42;;;;;;;
Port Nolloth;SAWS;Port Nolloth/ SAWS;January;12,44;;;;;;;
Port Nolloth;SAWS;Port Nolloth/ SAWS;January;13,71;;;;;;;
Port Nolloth;SAWS;Port Nolloth/ SAWS;January;12,52;;;;;;;
Port Nolloth;SAWS;Port Nolloth/ SAWS;January;12,81;;;;;;;
Port Nolloth;SAWS;Port Nolloth/ SAWS;January;13,90;;;;;;;
Port Nolloth;SAWS;Port Nolloth/ SAWS;January;12,77;;;;;;;
Port Nolloth;SAWS;Port Nolloth/ SAWS;January;12,57;;;;;;;
Port Nolloth;SAWS;Port Nolloth/ SAWS;January;13,16;;;;;;;
Port Nolloth;SAWS;Port Nolloth/ SAWS;January;14,19;;;;;;;
Port Nolloth;SAWS;Port Nolloth/ SAWS;January;12,87;;;;;;;
Port Nolloth;SAWS;Port Nolloth/ SAWS;January;14,63;;;;;;;
Port Nolloth;SAWS;Port Nolloth/ SAWS;January;13,74;;;;;;;
Port Nolloth;SAWS;Port Nolloth/ SAWS;January;13,21;;;;;;;
Port Nolloth;SAWS;Port Nolloth/ SAWS;January;13,63;;;;;;;
Port Nolloth;SAWS;Port Nolloth/ SAWS;January;12,88;;;;;;;
Port Nolloth;SAWS;Port Nolloth/ SAWS;January;16,92;;;;;;;
Port Nolloth;SAWS;Port Nolloth/ SAWS;February;12,11;13,3252093;;;;;;
Port Nolloth;SAWS;Port Nolloth/ SAWS;February;13,67;;;;;;;
Port Nolloth;SAWS;Port Nolloth/ SAWS;February;13,10;;;;;;;
Port Nolloth;SAWS;Port Nolloth/ SAWS;February;14,38;;;;;;;
Port Nolloth;SAWS;Port Nolloth/ SAWS;February;12,86;;;;;;;
Port Nolloth;SAWS;Port Nolloth/ SAWS;February;13,59;;;;;;;
Port Nolloth;SAWS;Port Nolloth/ SAWS;February;12,83;;;;;;;
Port Nolloth;SAWS;Port Nolloth/ SAWS;February;14,00;;;;;;;
Port Nolloth;SAWS;Port Nolloth/ SAWS;February;12,83;;;;;;;
Port Nolloth;SAWS;Port Nolloth/ SAWS;February;11,21;;;;;;;
Port Nolloth;SAWS;Port Nolloth/ SAWS;February;13,92;;;;;;;
Port Nolloth;SAWS;Port Nolloth/ SAWS;February;13,25;;;;;;;
Port Nolloth;SAWS;Port Nolloth/ SAWS;February;12,48;;;;;;;
Port Nolloth;SAWS;Port Nolloth/ SAWS;February;11,66;;;;;;;
Port Nolloth;SAWS;Port Nolloth/ SAWS;February;12,60;;;;;;;
Port Nolloth;SAWS;Port Nolloth/ SAWS;February;14,34;;;;;;;
Port Nolloth;SAWS;Port Nolloth/ SAWS;February;15,57;;;;;;;
Port Nolloth;SAWS;Port Nolloth/ SAWS;February;12,54;;;;;;;
Port Nolloth;SAWS;Port Nolloth/ SAWS;February;12,90;;;;;;;
Port Nolloth;SAWS;Port Nolloth/ SAWS;February;12,36;;;;;;;
Port Nolloth;SAWS;Port Nolloth/ SAWS;February;14,07;;;;;;;
Port Nolloth;SAWS;Port Nolloth/ SAWS;February;13,84;;;;;;;
Port Nolloth;SAWS;Port Nolloth/ SAWS;February;13,72;;;;;;;
Port Nolloth;SAWS;Port Nolloth/ SAWS;February;12,02;;;;;;;
Port Nolloth;SAWS;Port Nolloth/ SAWS;February;14,50;;;;;;;
Port Nolloth;SAWS;Port Nolloth/ SAWS;February;12,98;;;;;;;
Port Nolloth;SAWS;Port Nolloth/ SAWS;February;12,33;;;;;;;
Port Nolloth;SAWS;Port Nolloth/ SAWS;February;13,11;;;;;;;
Port Nolloth;SAWS;Port Nolloth/ SAWS;February;13,88;;;;;;;
Port Nolloth;SAWS;Port Nolloth/ SAWS;February;12,95;;;;;;;
Port Nolloth;SAWS;Port Nolloth/ SAWS;February;12,43;;;;;;;
Port Nolloth;SAWS;Port Nolloth/ SAWS;February;13,89;;;;;;;
Port Nolloth;SAWS;Port Nolloth/ SAWS;February;13,84;;;;;;;
Port Nolloth;SAWS;Port Nolloth/ SAWS;February;12,73;;;;;;;
Port Nolloth;SAWS;Port Nolloth/ SAWS;February;12,43;;;;;;;
Port Nolloth;SAWS;Port Nolloth/ SAWS;February;13,73;;;;;;;
Port Nolloth;SAWS;Port Nolloth/ SAWS;February;13,30;;;;;;;
Port Nolloth;SAWS;Port Nolloth/ SAWS;February;13,88;;;;;;;
Port Nolloth;SAWS;Port Nolloth/ SAWS;February;13,19;;;;;;;
Port Nolloth;SAWS;Port Nolloth/ SAWS;February;13,04;;;;;;;
Port Nolloth;SAWS;Port Nolloth/ SAWS;February;13,52;;;;;;;
Port Nolloth;SAWS;Port Nolloth/ SAWS;February;14,23;;;;;;;
Port Nolloth;SAWS;Port Nolloth/ SAWS;February;17,21;;;;;;;
Port Nolloth;SAWS;Port Nolloth/ SAWS;March;11,97;13,02654762;;;;;;
Port Nolloth;SAWS;Port Nolloth/ SAWS;March;11,67;;;;;;;
Port Nolloth;SAWS;Port Nolloth/ SAWS;March;NA;;;;;;;
Port Nolloth;SAWS;Port Nolloth/ SAWS;March;13,39;;;;;;;
Port Nolloth;SAWS;Port Nolloth/ SAWS;March;12,68;;;;;;;
Port Nolloth;SAWS;Port Nolloth/ SAWS;March;12,94;;;;;;;
Port Nolloth;SAWS;Port Nolloth/ SAWS;March;13,15;;;;;;;
Port Nolloth;SAWS;Port Nolloth/ SAWS;March;12,86;;;;;;;
Port Nolloth;SAWS;Port Nolloth/ SAWS;March;12,50;;;;;;;
Port Nolloth;SAWS;Port Nolloth/ SAWS;March;11,59;;;;;;;
Port Nolloth;SAWS;Port Nolloth/ SAWS;March;13,26;;;;;;;
Port Nolloth;SAWS;Port Nolloth/ SAWS;March;12,28;;;;;;;
Port Nolloth;SAWS;Port Nolloth/ SAWS;March;12,44;;;;;;;
Port Nolloth;SAWS;Port Nolloth/ SAWS;March;12,13;;;;;;;
Port Nolloth;SAWS;Port Nolloth/ SAWS;March;14,83;;;;;;;
Port Nolloth;SAWS;Port Nolloth/ SAWS;March;12,98;;;;;;;
Port Nolloth;SAWS;Port Nolloth/ SAWS;March;14,18;;;;;;;
Port Nolloth;SAWS;Port Nolloth/ SAWS;March;12,86;;;;;;;
Port Nolloth;SAWS;Port Nolloth/ SAWS;March;12,55;;;;;;;
Port Nolloth;SAWS;Port Nolloth/ SAWS;March;12,27;;;;;;;
Port Nolloth;SAWS;Port Nolloth/ SAWS;March;13,89;;;;;;;
Port Nolloth;SAWS;Port Nolloth/ SAWS;March;13,68;;;;;;;
Port Nolloth;SAWS;Port Nolloth/ SAWS;March;13,19;;;;;;;
Port Nolloth;SAWS;Port Nolloth/ SAWS;March;11,90;;;;;;;
Port Nolloth;SAWS;Port Nolloth/ SAWS;March;13,03;;;;;;;
Port Nolloth;SAWS;Port Nolloth/ SAWS;March;12,55;;;;;;;
Port Nolloth;SAWS;Port Nolloth/ SAWS;March;12,53;;;;;;;
Port Nolloth;SAWS;Port Nolloth/ SAWS;March;13,39;;;;;;;
Port Nolloth;SAWS;Port Nolloth/ SAWS;March;13,42;;;;;;;
Port Nolloth;SAWS;Port Nolloth/ SAWS;March;12,45;;;;;;;
Port Nolloth;SAWS;Port Nolloth/ SAWS;March;11,98;;;;;;;
Port Nolloth;SAWS;Port Nolloth/ SAWS;March;13,45;;;;;;;
Port Nolloth;SAWS;Port Nolloth/ SAWS;March;12,63;;;;;;;
Port Nolloth;SAWS;Port Nolloth/ SAWS;March;12,90;;;;;;;
Port Nolloth;SAWS;Port Nolloth/ SAWS;March;13,34;;;;;;;
Port Nolloth;SAWS;Port Nolloth/ SAWS;March;12,87;;;;;;;
Port Nolloth;SAWS;Port Nolloth/ SAWS;March;13,47;;;;;;;
Port Nolloth;SAWS;Port Nolloth/ SAWS;March;14,74;;;;;;;
Port Nolloth;SAWS;Port Nolloth/ SAWS;March;12,79;;;;;;;
Port Nolloth;SAWS;Port Nolloth/ SAWS;March;12,97;;;;;;;
Port Nolloth;SAWS;Port Nolloth/ SAWS;March;13,32;;;;;;;
Port Nolloth;SAWS;Port Nolloth/ SAWS;March;14,44;;;;;;;
Port Nolloth;SAWS;Port Nolloth/ SAWS;March;15,68;;;;;;;
Port Nolloth;SAWS;Port Nolloth/ SAWS;April;12,46;12,82909524;;;;;;
Port Nolloth;SAWS;Port Nolloth/ SAWS;April;12,52;;;;;;;
Port Nolloth;SAWS;Port Nolloth/ SAWS;April;NA;;;;;;;
Port Nolloth;SAWS;Port Nolloth/ SAWS;April;13,00;;;;;;;
Port Nolloth;SAWS;Port Nolloth/ SAWS;April;12,93;;;;;;;
Port Nolloth;SAWS;Port Nolloth/ SAWS;April;12,07;;;;;;;
Port Nolloth;SAWS;Port Nolloth/ SAWS;April;12,37;;;;;;;
Port Nolloth;SAWS;Port Nolloth/ SAWS;April;11,85;;;;;;;
Port Nolloth;SAWS;Port Nolloth/ SAWS;April;11,88;;;;;;;
Port Nolloth;SAWS;Port Nolloth/ SAWS;April;12,69;;;;;;;
Port Nolloth;SAWS;Port Nolloth/ SAWS;April;14,00;;;;;;;
Port Nolloth;SAWS;Port Nolloth/ SAWS;April;12,68;;;;;;;
Port Nolloth;SAWS;Port Nolloth/ SAWS;April;12,57;;;;;;;
Port Nolloth;SAWS;Port Nolloth/ SAWS;April;11,90;;;;;;;
Port Nolloth;SAWS;Port Nolloth/ SAWS;April;11,82;;;;;;;
Port Nolloth;SAWS;Port Nolloth/ SAWS;April;12,87;;;;;;;
Port Nolloth;SAWS;Port Nolloth/ SAWS;April;13,65;;;;;;;
Port Nolloth;SAWS;Port Nolloth/ SAWS;April;12,47;;;;;;;
Port Nolloth;SAWS;Port Nolloth/ SAWS;April;12,65;;;;;;;
Port Nolloth;SAWS;Port Nolloth/ SAWS;April;13,42;;;;;;;
Port Nolloth;SAWS;Port Nolloth/ SAWS;April;13,55;;;;;;;
Port Nolloth;SAWS;Port Nolloth/ SAWS;April;13,02;;;;;;;
Port Nolloth;SAWS;Port Nolloth/ SAWS;April;13,28;;;;;;;
Port Nolloth;SAWS;Port Nolloth/ SAWS;April;12,32;;;;;;;
Port Nolloth;SAWS;Port Nolloth/ SAWS;April;12,72;;;;;;;
Port Nolloth;SAWS;Port Nolloth/ SAWS;April;13,25;;;;;;;
Port Nolloth;SAWS;Port Nolloth/ SAWS;April;12,65;;;;;;;
Port Nolloth;SAWS;Port Nolloth/ SAWS;April;12,85;;;;;;;
Port Nolloth;SAWS;Port Nolloth/ SAWS;April;13,98;;;;;;;
Port Nolloth;SAWS;Port Nolloth/ SAWS;April;12,82;;;;;;;
Port Nolloth;SAWS;Port Nolloth/ SAWS;April;11,68;;;;;;;
Port Nolloth;SAWS;Port Nolloth/ SAWS;April;12,60;;;;;;;
Port Nolloth;SAWS;Port Nolloth/ SAWS;April;13,23;;;;;;;
Port Nolloth;SAWS;Port Nolloth/ SAWS;April;12,98;;;;;;;
Port Nolloth;SAWS;Port Nolloth/ SAWS;April;12,65;;;;;;;
Port Nolloth;SAWS;Port Nolloth/ SAWS;April;12,45;;;;;;;
Port Nolloth;SAWS;Port Nolloth/ SAWS;April;12,47;;;;;;;
Port Nolloth;SAWS;Port Nolloth/ SAWS;April;13,22;;;;;;;
Port Nolloth;SAWS;Port Nolloth/ SAWS;April;12,28;;;;;;;
Port Nolloth;SAWS;Port Nolloth/ SAWS;April;12,83;;;;;;;
Port Nolloth;SAWS;Port Nolloth/ SAWS;April;12,72;;;;;;;
Port Nolloth;SAWS;Port Nolloth/ SAWS;April;13,77;;;;;;;
Port Nolloth;SAWS;Port Nolloth/ SAWS;April;15,73;;;;;;;
Port Nolloth;SAWS;Port Nolloth/ SAWS;May;12,44;12,5737907;;;;;;
Port Nolloth;SAWS;Port Nolloth/ SAWS;May;12,61;;;;;;;
Port Nolloth;SAWS;Port Nolloth/ SAWS;May;12,09;;;;;;;
Port Nolloth;SAWS;Port Nolloth/ SAWS;May;12,31;;;;;;;
Port Nolloth;SAWS;Port Nolloth/ SAWS;May;12,39;;;;;;;
Port Nolloth;SAWS;Port Nolloth/ SAWS;May;12,18;;;;;;;
Port Nolloth;SAWS;Port Nolloth/ SAWS;May;11,74;;;;;;;
Port Nolloth;SAWS;Port Nolloth/ SAWS;May;12,17;;;;;;;
Port Nolloth;SAWS;Port Nolloth/ SAWS;May;12,24;;;;;;;
Port Nolloth;SAWS;Port Nolloth/ SAWS;May;12,04;;;;;;;
Port Nolloth;SAWS;Port Nolloth/ SAWS;May;13,00;;;;;;;
Port Nolloth;SAWS;Port Nolloth/ SAWS;May;12,62;;;;;;;
Port Nolloth;SAWS;Port Nolloth/ SAWS;May;11,86;;;;;;;
Port Nolloth;SAWS;Port Nolloth/ SAWS;May;11,95;;;;;;;
Port Nolloth;SAWS;Port Nolloth/ SAWS;May;11,92;;;;;;;
Port Nolloth;SAWS;Port Nolloth/ SAWS;May;13,24;;;;;;;
Port Nolloth;SAWS;Port Nolloth/ SAWS;May;12,81;;;;;;;
Port Nolloth;SAWS;Port Nolloth/ SAWS;May;12,02;;;;;;;
Port Nolloth;SAWS;Port Nolloth/ SAWS;May;11,03;;;;;;;
Port Nolloth;SAWS;Port Nolloth/ SAWS;May;11,95;;;;;;;
Port Nolloth;SAWS;Port Nolloth/ SAWS;May;11,89;;;;;;;
Port Nolloth;SAWS;Port Nolloth/ SAWS;May;13,58;;;;;;;
Port Nolloth;SAWS;Port Nolloth/ SAWS;May;12,89;;;;;;;
Port Nolloth;SAWS;Port Nolloth/ SAWS;May;12,03;;;;;;;
Port Nolloth;SAWS;Port Nolloth/ SAWS;May;12,17;;;;;;;
Port Nolloth;SAWS;Port Nolloth/ SAWS;May;13,10;;;;;;;
Port Nolloth;SAWS;Port Nolloth/ SAWS;May;11,36;;;;;;;
Port Nolloth;SAWS;Port Nolloth/ SAWS;May;13,55;;;;;;;
Port Nolloth;SAWS;Port Nolloth/ SAWS;May;14,83;;;;;;;
Port Nolloth;SAWS;Port Nolloth/ SAWS;May;12,36;;;;;;;
Port Nolloth;SAWS;Port Nolloth/ SAWS;May;11,61;;;;;;;
Port Nolloth;SAWS;Port Nolloth/ SAWS;May;12,45;;;;;;;
Port Nolloth;SAWS;Port Nolloth/ SAWS;May;13,86;;;;;;;
Port Nolloth;SAWS;Port Nolloth/ SAWS;May;12,57;;;;;;;
Port Nolloth;SAWS;Port Nolloth/ SAWS;May;13,13;;;;;;;
Port Nolloth;SAWS;Port Nolloth/ SAWS;May;13,23;;;;;;;
Port Nolloth;SAWS;Port Nolloth/ SAWS;May;12,37;;;;;;;
Port Nolloth;SAWS;Port Nolloth/ SAWS;May;13,26;;;;;;;
Port Nolloth;SAWS;Port Nolloth/ SAWS;May;11,73;;;;;;;
Port Nolloth;SAWS;Port Nolloth/ SAWS;May;13,05;;;;;;;
Port Nolloth;SAWS;Port Nolloth/ SAWS;May;12,90;;;;;;;
Port Nolloth;SAWS;Port Nolloth/ SAWS;May;12,74;;;;;;;
Port Nolloth;SAWS;Port Nolloth/ SAWS;May;15,44;;;;;;;
Port Nolloth;SAWS;Port Nolloth/ SAWS;June;12,74;12,26904651;;;;;;
Port Nolloth;SAWS;Port Nolloth/ SAWS;June;11,56;;;;;;;
Port Nolloth;SAWS;Port Nolloth/ SAWS;June;12,57;;;;;;;
Port Nolloth;SAWS;Port Nolloth/ SAWS;June;12,25;;;;;;;
Port Nolloth;SAWS;Port Nolloth/ SAWS;June;11,53;;;;;;;
Port Nolloth;SAWS;Port Nolloth/ SAWS;June;12,20;;;;;;;
Port Nolloth;SAWS;Port Nolloth/ SAWS;June;11,50;;;;;;;
Port Nolloth;SAWS;Port Nolloth/ SAWS;June;11,38;;;;;;;
Port Nolloth;SAWS;Port Nolloth/ SAWS;June;11,24;;;;;;;
Port Nolloth;SAWS;Port Nolloth/ SAWS;June;11,63;;;;;;;
Port Nolloth;SAWS;Port Nolloth/ SAWS;June;12,04;;;;;;;
Port Nolloth;SAWS;Port Nolloth/ SAWS;June;11,92;;;;;;;
Port Nolloth;SAWS;Port Nolloth/ SAWS;June;13,37;;;;;;;
Port Nolloth;SAWS;Port Nolloth/ SAWS;June;11,93;;;;;;;
Port Nolloth;SAWS;Port Nolloth/ SAWS;June;12,12;;;;;;;
Port Nolloth;SAWS;Port Nolloth/ SAWS;June;12,40;;;;;;;
Port Nolloth;SAWS;Port Nolloth/ SAWS;June;11,25;;;;;;;
Port Nolloth;SAWS;Port Nolloth/ SAWS;June;12,15;;;;;;;
Port Nolloth;SAWS;Port Nolloth/ SAWS;June;10,80;;;;;;;
Port Nolloth;SAWS;Port Nolloth/ SAWS;June;11,43;;;;;;;
Port Nolloth;SAWS;Port Nolloth/ SAWS;June;11,43;;;;;;;
Port Nolloth;SAWS;Port Nolloth/ SAWS;June;12,35;;;;;;;
Port Nolloth;SAWS;Port Nolloth/ SAWS;June;13,45;;;;;;;
Port Nolloth;SAWS;Port Nolloth/ SAWS;June;12,58;;;;;;;
Port Nolloth;SAWS;Port Nolloth/ SAWS;June;11,37;;;;;;;
Port Nolloth;SAWS;Port Nolloth/ SAWS;June;12,70;;;;;;;
Port Nolloth;SAWS;Port Nolloth/ SAWS;June;12,33;;;;;;;
Port Nolloth;SAWS;Port Nolloth/ SAWS;June;12,28;;;;;;;
Port Nolloth;SAWS;Port Nolloth/ SAWS;June;13,72;;;;;;;
Port Nolloth;SAWS;Port Nolloth/ SAWS;June;10,97;;;;;;;
Port Nolloth;SAWS;Port Nolloth/ SAWS;June;11,90;;;;;;;
Port Nolloth;SAWS;Port Nolloth/ SAWS;June;11,93;;;;;;;
Port Nolloth;SAWS;Port Nolloth/ SAWS;June;13,70;;;;;;;
Port Nolloth;SAWS;Port Nolloth/ SAWS;June;12,63;;;;;;;
Port Nolloth;SAWS;Port Nolloth/ SAWS;June;13,25;;;;;;;
Port Nolloth;SAWS;Port Nolloth/ SAWS;June;12,72;;;;;;;
Port Nolloth;SAWS;Port Nolloth/ SAWS;June;12,10;;;;;;;
Port Nolloth;SAWS;Port Nolloth/ SAWS;June;12,60;;;;;;;
Port Nolloth;SAWS;Port Nolloth/ SAWS;June;11,60;;;;;;;
Port Nolloth;SAWS;Port Nolloth/ SAWS;June;12,98;;;;;;;
Port Nolloth;SAWS;Port Nolloth/ SAWS;June;12,42;;;;;;;
Port Nolloth;SAWS;Port Nolloth/ SAWS;June;13,57;;;;;;;
Port Nolloth;SAWS;Port Nolloth/ SAWS;June;14,98;;;;;;;
Port Nolloth;SAWS;Port Nolloth/ SAWS;July;11,72;11,87548837;;;;;;
Port Nolloth;SAWS;Port Nolloth/ SAWS;July;11,46;;;;;;;
Port Nolloth;SAWS;Port Nolloth/ SAWS;July;NA;;;;;;;
Port Nolloth;SAWS;Port Nolloth/ SAWS;July;12,17;;;;;;;
Port Nolloth;SAWS;Port Nolloth/ SAWS;July;11,89;;;;;;;
Port Nolloth;SAWS;Port Nolloth/ SAWS;July;11,69;;;;;;;
Port Nolloth;SAWS;Port Nolloth/ SAWS;July;11,47;;;;;;;
Port Nolloth;SAWS;Port Nolloth/ SAWS;July;11,13;;;;;;;
Port Nolloth;SAWS;Port Nolloth/ SAWS;July;11,31;;;;;;;
Port Nolloth;SAWS;Port Nolloth/ SAWS;July;11,22;;;;;;;
Port Nolloth;SAWS;Port Nolloth/ SAWS;July;11,33;;;;;;;
Port Nolloth;SAWS;Port Nolloth/ SAWS;July;11,31;;;;;;;
Port Nolloth;SAWS;Port Nolloth/ SAWS;July;11,52;;;;;;;
Port Nolloth;SAWS;Port Nolloth/ SAWS;July;12,18;;;;;;;
Port Nolloth;SAWS;Port Nolloth/ SAWS;July;11,53;;;;;;;
Port Nolloth;SAWS;Port Nolloth/ SAWS;July;10,57;;;;;;;
Port Nolloth;SAWS;Port Nolloth/ SAWS;July;11,55;;;;;;;
Port Nolloth;SAWS;Port Nolloth/ SAWS;July;10,94;;;;;;;
Port Nolloth;SAWS;Port Nolloth/ SAWS;July;12,15;;;;;;;
Port Nolloth;SAWS;Port Nolloth/ SAWS;July;10,79;;;;;;;
Port Nolloth;SAWS;Port Nolloth/ SAWS;July;12,19;;;;;;;
Port Nolloth;SAWS;Port Nolloth/ SAWS;July;11,21;;;;;;;
Port Nolloth;SAWS;Port Nolloth/ SAWS;July;11,36;;;;;;;
Port Nolloth;SAWS;Port Nolloth/ SAWS;July;12,34;;;;;;;
Port Nolloth;SAWS;Port Nolloth/ SAWS;July;12,00;;;;;;;
Port Nolloth;SAWS;Port Nolloth/ SAWS;July;10,90;;;;;;;
Port Nolloth;SAWS;Port Nolloth/ SAWS;July;12,58;;;;;;;
Port Nolloth;SAWS;Port Nolloth/ SAWS;July;11,97;;;;;;;
Port Nolloth;SAWS;Port Nolloth/ SAWS;July;12,61;;;;;;;
Port Nolloth;SAWS;Port Nolloth/ SAWS;July;12,97;;;;;;;
Port Nolloth;SAWS;Port Nolloth/ SAWS;July;11,36;;;;;;;
Port Nolloth;SAWS;Port Nolloth/ SAWS;July;11,32;;;;;;;
Port Nolloth;SAWS;Port Nolloth/ SAWS;July;11,79;;;;;;;
Port Nolloth;SAWS;Port Nolloth/ SAWS;July;12,55;;;;;;;
Port Nolloth;SAWS;Port Nolloth/ SAWS;July;12,08;;;;;;;
Port Nolloth;SAWS;Port Nolloth/ SAWS;July;12,87;;;;;;;
Port Nolloth;SAWS;Port Nolloth/ SAWS;July;12,94;;;;;;;
Port Nolloth;SAWS;Port Nolloth/ SAWS;July;11,82;;;;;;;
Port Nolloth;SAWS;Port Nolloth/ SAWS;July;12,44;;;;;;;
Port Nolloth;SAWS;Port Nolloth/ SAWS;July;11,40;;;;;;;
Port Nolloth;SAWS;Port Nolloth/ SAWS;July;12,68;;;;;;;
Port Nolloth;SAWS;Port Nolloth/ SAWS;July;12,53;;;;;;;
Port Nolloth;SAWS;Port Nolloth/ SAWS;July;12,69;;;;;;;
Port Nolloth;SAWS;Port Nolloth/ SAWS;July;14,15;;;;;;;
Port Nolloth;SAWS;Port Nolloth/ SAWS;August;11,53;11,77565909;;;;;;
Port Nolloth;SAWS;Port Nolloth/ SAWS;August;12,70;;;;;;;
Port Nolloth;SAWS;Port Nolloth/ SAWS;August;10,60;;;;;;;
Port Nolloth;SAWS;Port Nolloth/ SAWS;August;10,81;;;;;;;
Port Nolloth;SAWS;Port Nolloth/ SAWS;August;11,71;;;;;;;
Port Nolloth;SAWS;Port Nolloth/ SAWS;August;12,29;;;;;;;
Port Nolloth;SAWS;Port Nolloth/ SAWS;August;11,47;;;;;;;
Port Nolloth;SAWS;Port Nolloth/ SAWS;August;12,19;;;;;;;
Port Nolloth;SAWS;Port Nolloth/ SAWS;August;11,69;;;;;;;
Port Nolloth;SAWS;Port Nolloth/ SAWS;August;10,48;;;;;;;
Port Nolloth;SAWS;Port Nolloth/ SAWS;August;11,15;;;;;;;
Port Nolloth;SAWS;Port Nolloth/ SAWS;August;11,19;;;;;;;
Port Nolloth;SAWS;Port Nolloth/ SAWS;August;11,57;;;;;;;
Port Nolloth;SAWS;Port Nolloth/ SAWS;August;12,92;;;;;;;
Port Nolloth;SAWS;Port Nolloth/ SAWS;August;11,53;;;;;;;
Port Nolloth;SAWS;Port Nolloth/ SAWS;August;11,11;;;;;;;
Port Nolloth;SAWS;Port Nolloth/ SAWS;August;11,65;;;;;;;
Port Nolloth;SAWS;Port Nolloth/ SAWS;August;10,65;;;;;;;
Port Nolloth;SAWS;Port Nolloth/ SAWS;August;10,82;;;;;;;
Port Nolloth;SAWS;Port Nolloth/ SAWS;August;10,74;;;;;;;
Port Nolloth;SAWS;Port Nolloth/ SAWS;August;11,71;;;;;;;
Port Nolloth;SAWS;Port Nolloth/ SAWS;August;11,11;;;;;;;
Port Nolloth;SAWS;Port Nolloth/ SAWS;August;11,47;;;;;;;
Port Nolloth;SAWS;Port Nolloth/ SAWS;August;11,79;;;;;;;
Port Nolloth;SAWS;Port Nolloth/ SAWS;August;11,45;;;;;;;
Port Nolloth;SAWS;Port Nolloth/ SAWS;August;11,40;;;;;;;
Port Nolloth;SAWS;Port Nolloth/ SAWS;August;12,47;;;;;;;
Port Nolloth;SAWS;Port Nolloth/ SAWS;August;12,02;;;;;;;
Port Nolloth;SAWS;Port Nolloth/ SAWS;August;12,57;;;;;;;
Port Nolloth;SAWS;Port Nolloth/ SAWS;August;11,63;;;;;;;
Port Nolloth;SAWS;Port Nolloth/ SAWS;August;11,60;;;;;;;
Port Nolloth;SAWS;Port Nolloth/ SAWS;August;11,60;;;;;;;
Port Nolloth;SAWS;Port Nolloth/ SAWS;August;11,40;;;;;;;
Port Nolloth;SAWS;Port Nolloth/ SAWS;August;12,03;;;;;;;
Port Nolloth;SAWS;Port Nolloth/ SAWS;August;12,23;;;;;;;
Port Nolloth;SAWS;Port Nolloth/ SAWS;August;12,55;;;;;;;
Port Nolloth;SAWS;Port Nolloth/ SAWS;August;11,66;;;;;;;
Port Nolloth;SAWS;Port Nolloth/ SAWS;August;12,21;;;;;;;
Port Nolloth;SAWS;Port Nolloth/ SAWS;August;12,37;;;;;;;
Port Nolloth;SAWS;Port Nolloth/ SAWS;August;11,53;;;;;;;
Port Nolloth;SAWS;Port Nolloth/ SAWS;August;11,76;;;;;;;
Port Nolloth;SAWS;Port Nolloth/ SAWS;August;13,07;;;;;;;
Port Nolloth;SAWS;Port Nolloth/ SAWS;August;12,98;;;;;;;
Port Nolloth;SAWS;Port Nolloth/ SAWS;August;14,73;;;;;;;
Port Nolloth;SAWS;Port Nolloth/ SAWS;September;10,88;11,70840476;;;;;;
Port Nolloth;SAWS;Port Nolloth/ SAWS;September;11,02;;;;;;;
Port Nolloth;SAWS;Port Nolloth/ SAWS;September;10,46;;;;;;;
Port Nolloth;SAWS;Port Nolloth/ SAWS;September;10,70;;;;;;;
Port Nolloth;SAWS;Port Nolloth/ SAWS;September;11,87;;;;;;;
Port Nolloth;SAWS;Port Nolloth/ SAWS;September;11,92;;;;;;;
Port Nolloth;SAWS;Port Nolloth/ SAWS;September;11,22;;;;;;;
Port Nolloth;SAWS;Port Nolloth/ SAWS;September;12,25;;;;;;;
Port Nolloth;SAWS;Port Nolloth/ SAWS;September;12,00;;;;;;;
Port Nolloth;SAWS;Port Nolloth/ SAWS;September;11,08;;;;;;;
Port Nolloth;SAWS;Port Nolloth/ SAWS;September;11,78;;;;;;;
Port Nolloth;SAWS;Port Nolloth/ SAWS;September;12,04;;;;;;;
Port Nolloth;SAWS;Port Nolloth/ SAWS;September;11,94;;;;;;;
Port Nolloth;SAWS;Port Nolloth/ SAWS;September;11,88;;;;;;;
Port Nolloth;SAWS;Port Nolloth/ SAWS;September;11,65;;;;;;;
Port Nolloth;SAWS;Port Nolloth/ SAWS;September;11,13;;;;;;;
Port Nolloth;SAWS;Port Nolloth/ SAWS;September;11,07;;;;;;;
Port Nolloth;SAWS;Port Nolloth/ SAWS;September;11,13;;;;;;;
Port Nolloth;SAWS;Port Nolloth/ SAWS;September;11,03;;;;;;;
Port Nolloth;SAWS;Port Nolloth/ SAWS;September;10,77;;;;;;;
Port Nolloth;SAWS;Port Nolloth/ SAWS;September;10,78;;;;;;;
Port Nolloth;SAWS;Port Nolloth/ SAWS;September;11,92;;;;;;;
Port Nolloth;SAWS;Port Nolloth/ SAWS;September;11,25;;;;;;;
Port Nolloth;SAWS;Port Nolloth/ SAWS;September;12,27;;;;;;;
Port Nolloth;SAWS;Port Nolloth/ SAWS;September;12,70;;;;;;;
Port Nolloth;SAWS;Port Nolloth/ SAWS;September;NA;;;;;;;
Port Nolloth;SAWS;Port Nolloth/ SAWS;September;12,42;;;;;;;
Port Nolloth;SAWS;Port Nolloth/ SAWS;September;11,17;;;;;;;
Port Nolloth;SAWS;Port Nolloth/ SAWS;September;12,42;;;;;;;
Port Nolloth;SAWS;Port Nolloth/ SAWS;September;11,63;;;;;;;
Port Nolloth;SAWS;Port Nolloth/ SAWS;September;11,69;;;;;;;
Port Nolloth;SAWS;Port Nolloth/ SAWS;September;11,64;;;;;;;
Port Nolloth;SAWS;Port Nolloth/ SAWS;September;11,27;;;;;;;
Port Nolloth;SAWS;Port Nolloth/ SAWS;September;11,53;;;;;;;
Port Nolloth;SAWS;Port Nolloth/ SAWS;September;11,63;;;;;;;
Port Nolloth;SAWS;Port Nolloth/ SAWS;September;12,92;;;;;;;
Port Nolloth;SAWS;Port Nolloth/ SAWS;September;11,90;;;;;;;
Port Nolloth;SAWS;Port Nolloth/ SAWS;September;12,25;;;;;;;
Port Nolloth;SAWS;Port Nolloth/ SAWS;September;12,25;;;;;;;
Port Nolloth;SAWS;Port Nolloth/ SAWS;September;11,70;;;;;;;
Port Nolloth;SAWS;Port Nolloth/ SAWS;September;12,08;;;;;;;
Port Nolloth;SAWS;Port Nolloth/ SAWS;September;12,30;;;;;;;
Port Nolloth;SAWS;Port Nolloth/ SAWS;September;14,23;;;;;;;
Port Nolloth;SAWS;Port Nolloth/ SAWS;October;11,79;11,95619512;;;;;;
Port Nolloth;SAWS;Port Nolloth/ SAWS;October;11,06;;;;;;;
Port Nolloth;SAWS;Port Nolloth/ SAWS;October;10,74;;;;;;;
Port Nolloth;SAWS;Port Nolloth/ SAWS;October;11,60;;;;;;;
Port Nolloth;SAWS;Port Nolloth/ SAWS;October;11,82;;;;;;;
Port Nolloth;SAWS;Port Nolloth/ SAWS;October;11,55;;;;;;;
Port Nolloth;SAWS;Port Nolloth/ SAWS;October;11,76;;;;;;;
Port Nolloth;SAWS;Port Nolloth/ SAWS;October;11,73;;;;;;;
Port Nolloth;SAWS;Port Nolloth/ SAWS;October;12,08;;;;;;;
Port Nolloth;SAWS;Port Nolloth/ SAWS;October;11,75;;;;;;;
Port Nolloth;SAWS;Port Nolloth/ SAWS;October;11,54;;;;;;;
Port Nolloth;SAWS;Port Nolloth/ SAWS;October;12,56;;;;;;;
Port Nolloth;SAWS;Port Nolloth/ SAWS;October;NA;;;;;;;
Port Nolloth;SAWS;Port Nolloth/ SAWS;October;11,87;;;;;;;
Port Nolloth;SAWS;Port Nolloth/ SAWS;October;11,87;;;;;;;
Port Nolloth;SAWS;Port Nolloth/ SAWS;October;11,40;;;;;;;
Port Nolloth;SAWS;Port Nolloth/ SAWS;October;10,81;;;;;;;
Port Nolloth;SAWS;Port Nolloth/ SAWS;October;11,26;;;;;;;
Port Nolloth;SAWS;Port Nolloth/ SAWS;October;11,45;;;;;;;
Port Nolloth;SAWS;Port Nolloth/ SAWS;October;12,38;;;;;;;
Port Nolloth;SAWS;Port Nolloth/ SAWS;October;10,95;;;;;;;
Port Nolloth;SAWS;Port Nolloth/ SAWS;October;11,52;;;;;;;
Port Nolloth;SAWS;Port Nolloth/ SAWS;October;12,39;;;;;;;
Port Nolloth;SAWS;Port Nolloth/ SAWS;October;11,76;;;;;;;
Port Nolloth;SAWS;Port Nolloth/ SAWS;October;11,84;;;;;;;
Port Nolloth;SAWS;Port Nolloth/ SAWS;October;NA;;;;;;;
Port Nolloth;SAWS;Port Nolloth/ SAWS;October;12,07;;;;;;;
Port Nolloth;SAWS;Port Nolloth/ SAWS;October;11,60;;;;;;;
Port Nolloth;SAWS;Port Nolloth/ SAWS;October;13,13;;;;;;;
Port Nolloth;SAWS;Port Nolloth/ SAWS;October;11,68;;;;;;;
Port Nolloth;SAWS;Port Nolloth/ SAWS;October;12,25;;;;;;;
Port Nolloth;SAWS;Port Nolloth/ SAWS;October;12,34;;;;;;;
Port Nolloth;SAWS;Port Nolloth/ SAWS;October;11,50;;;;;;;
Port Nolloth;SAWS;Port Nolloth/ SAWS;October;12,07;;;;;;;
Port Nolloth;SAWS;Port Nolloth/ SAWS;October;11,53;;;;;;;
Port Nolloth;SAWS;Port Nolloth/ SAWS;October;12,73;;;;;;;
Port Nolloth;SAWS;Port Nolloth/ SAWS;October;12,32;;;;;;;
Port Nolloth;SAWS;Port Nolloth/ SAWS;October;12,50;;;;;;;
Port Nolloth;SAWS;Port Nolloth/ SAWS;October;12,63;;;;;;;
Port Nolloth;SAWS;Port Nolloth/ SAWS;October;12,02;;;;;;;
Port Nolloth;SAWS;Port Nolloth/ SAWS;October;13,13;;;;;;;
Port Nolloth;SAWS;Port Nolloth/ SAWS;October;13,57;;;;;;;
Port Nolloth;SAWS;Port Nolloth/ SAWS;October;13,72;;;;;;;
Port Nolloth;SAWS;Port Nolloth/ SAWS;November;12,31;12,35490476;;;;;;
Port Nolloth;SAWS;Port Nolloth/ SAWS;November;11,98;;;;;;;
Port Nolloth;SAWS;Port Nolloth/ SAWS;November;10,76;;;;;;;
Port Nolloth;SAWS;Port Nolloth/ SAWS;November;12,42;;;;;;;
Port Nolloth;SAWS;Port Nolloth/ SAWS;November;11,95;;;;;;;
Port Nolloth;SAWS;Port Nolloth/ SAWS;November;12,52;;;;;;;
Port Nolloth;SAWS;Port Nolloth/ SAWS;November;12,38;;;;;;;
Port Nolloth;SAWS;Port Nolloth/ SAWS;November;12,72;;;;;;;
Port Nolloth;SAWS;Port Nolloth/ SAWS;November;12,15;;;;;;;
Port Nolloth;SAWS;Port Nolloth/ SAWS;November;12,33;;;;;;;
Port Nolloth;SAWS;Port Nolloth/ SAWS;November;12,69;;;;;;;
Port Nolloth;SAWS;Port Nolloth/ SAWS;November;11,00;;;;;;;
Port Nolloth;SAWS;Port Nolloth/ SAWS;November;12,76;;;;;;;
Port Nolloth;SAWS;Port Nolloth/ SAWS;November;11,97;;;;;;;
Port Nolloth;SAWS;Port Nolloth/ SAWS;November;11,93;;;;;;;
Port Nolloth;SAWS;Port Nolloth/ SAWS;November;11,75;;;;;;;
Port Nolloth;SAWS;Port Nolloth/ SAWS;November;11,35;;;;;;;
Port Nolloth;SAWS;Port Nolloth/ SAWS;November;11,73;;;;;;;
Port Nolloth;SAWS;Port Nolloth/ SAWS;November;11,19;;;;;;;
Port Nolloth;SAWS;Port Nolloth/ SAWS;November;11,37;;;;;;;
Port Nolloth;SAWS;Port Nolloth/ SAWS;November;11,67;;;;;;;
Port Nolloth;SAWS;Port Nolloth/ SAWS;November;12,35;;;;;;;
Port Nolloth;SAWS;Port Nolloth/ SAWS;November;11,86;;;;;;;
Port Nolloth;SAWS;Port Nolloth/ SAWS;November;11,95;;;;;;;
Port Nolloth;SAWS;Port Nolloth/ SAWS;November;12,48;;;;;;;
Port Nolloth;SAWS;Port Nolloth/ SAWS;November;NA;;;;;;;
Port Nolloth;SAWS;Port Nolloth/ SAWS;November;11,88;;;;;;;
Port Nolloth;SAWS;Port Nolloth/ SAWS;November;13,53;;;;;;;
Port Nolloth;SAWS;Port Nolloth/ SAWS;November;14,37;;;;;;;
Port Nolloth;SAWS;Port Nolloth/ SAWS;November;11,58;;;;;;;
Port Nolloth;SAWS;Port Nolloth/ SAWS;November;12,25;;;;;;;
Port Nolloth;SAWS;Port Nolloth/ SAWS;November;11,92;;;;;;;
Port Nolloth;SAWS;Port Nolloth/ SAWS;November;13,02;;;;;;;
Port Nolloth;SAWS;Port Nolloth/ SAWS;November;12,33;;;;;;;
Port Nolloth;SAWS;Port Nolloth/ SAWS;November;11,73;;;;;;;
Port Nolloth;SAWS;Port Nolloth/ SAWS;November;12,52;;;;;;;
Port Nolloth;SAWS;Port Nolloth/ SAWS;November;13,57;;;;;;;
Port Nolloth;SAWS;Port Nolloth/ SAWS;November;12,72;;;;;;;
Port Nolloth;SAWS;Port Nolloth/ SAWS;November;12,22;;;;;;;
Port Nolloth;SAWS;Port Nolloth/ SAWS;November;12,17;;;;;;;
Port Nolloth;SAWS;Port Nolloth/ SAWS;November;14,45;;;;;;;
Port Nolloth;SAWS;Port Nolloth/ SAWS;November;14,48;;;;;;;
Port Nolloth;SAWS;Port Nolloth/ SAWS;November;14,60;;;;;;;
Port Nolloth;SAWS;Port Nolloth/ SAWS;December;12,34;12,84104762;;;;;;
Port Nolloth;SAWS;Port Nolloth/ SAWS;December;11,37;;;;;;;
Port Nolloth;SAWS;Port Nolloth/ SAWS;December;12,09;;;;;;;
Port Nolloth;SAWS;Port Nolloth/ SAWS;December;12,82;;;;;;;
Port Nolloth;SAWS;Port Nolloth/ SAWS;December;12,74;;;;;;;
Port Nolloth;SAWS;Port Nolloth/ SAWS;December;12,97;;;;;;;
Port Nolloth;SAWS;Port Nolloth/ SAWS;December;13,11;;;;;;;
Port Nolloth;SAWS;Port Nolloth/ SAWS;December;12,87;;;;;;;
Port Nolloth;SAWS;Port Nolloth/ SAWS;December;12,29;;;;;;;
Port Nolloth;SAWS;Port Nolloth/ SAWS;December;12,21;;;;;;;
Port Nolloth;SAWS;Port Nolloth/ SAWS;December;12,44;;;;;;;
Port Nolloth;SAWS;Port Nolloth/ SAWS;December;12,13;;;;;;;
Port Nolloth;SAWS;Port Nolloth/ SAWS;December;14,03;;;;;;;
Port Nolloth;SAWS;Port Nolloth/ SAWS;December;12,90;;;;;;;
Port Nolloth;SAWS;Port Nolloth/ SAWS;December;13,61;;;;;;;
Port Nolloth;SAWS;Port Nolloth/ SAWS;December;13,65;;;;;;;
Port Nolloth;SAWS;Port Nolloth/ SAWS;December;11,89;;;;;;;
Port Nolloth;SAWS;Port Nolloth/ SAWS;December;12,69;;;;;;;
Port Nolloth;SAWS;Port Nolloth/ SAWS;December;11,18;;;;;;;
Port Nolloth;SAWS;Port Nolloth/ SAWS;December;11,50;;;;;;;
Port Nolloth;SAWS;Port Nolloth/ SAWS;December;11,98;;;;;;;
Port Nolloth;SAWS;Port Nolloth/ SAWS;December;12,57;;;;;;;
Port Nolloth;SAWS;Port Nolloth/ SAWS;December;15,53;;;;;;;
Port Nolloth;SAWS;Port Nolloth/ SAWS;December;12,58;;;;;;;
Port Nolloth;SAWS;Port Nolloth/ SAWS;December;12,93;;;;;;;
Port Nolloth;SAWS;Port Nolloth/ SAWS;December;NA;;;;;;;
Port Nolloth;SAWS;Port Nolloth/ SAWS;December;12,90;;;;;;;
Port Nolloth;SAWS;Port Nolloth/ SAWS;December;12,23;;;;;;;
Port Nolloth;SAWS;Port Nolloth/ SAWS;December;14,42;;;;;;;
Port Nolloth;SAWS;Port Nolloth/ SAWS;December;11,59;;;;;;;
Port Nolloth;SAWS;Port Nolloth/ SAWS;December;12,24;;;;;;;
Port Nolloth;SAWS;Port Nolloth/ SAWS;December;13,24;;;;;;;
Port Nolloth;SAWS;Port Nolloth/ SAWS;December;12,18;;;;;;;
Port Nolloth;SAWS;Port Nolloth/ SAWS;December;12,44;;;;;;;
Port Nolloth;SAWS;Port Nolloth/ SAWS;December;13,52;;;;;;;
Port Nolloth;SAWS;Port Nolloth/ SAWS;December;12,87;;;;;;;
Port Nolloth;SAWS;Port Nolloth/ SAWS;December;13,90;;;;;;;
Port Nolloth;SAWS;Port Nolloth/ SAWS;December;13,42;;;;;;;
Port Nolloth;SAWS;Port Nolloth/ SAWS;December;12,31;;;;;;;
Port Nolloth;SAWS;Port Nolloth/ SAWS;December;13,79;;;;;;;
Port Nolloth;SAWS;Port Nolloth/ SAWS;December;13,21;;;;;;;
Port Nolloth;SAWS;Port Nolloth/ SAWS;December;13,21;;;;;;;
Port Nolloth;SAWS;Port Nolloth/ SAWS;December;15,45;;;;;;;
